"Reactions when adding Coenzyme A, NAD(P),  and FAD coenzyme functionality",
"ID","RXN FORMULA"
"R00005","2 CO2 + 2 Ammonia <=>  H2O +  Urea-1-carboxylate"
"R00006","2 Pyruvate <=>  CO2 +  2-Acetolactate"
"R00008","2 Pyruvate <=>  Parapyruvate"
"R00010","2 D-Glucose <=>  H2O +  alpha,alpha-Trehalose"
"R00013"," CO2 +  2-Hydroxy-3-oxopropanoate <=> 2 Glyoxylate"
"R00015"," D-Glucose +  1F-beta-D-Fructosylsucrose <=> 2 Sucrose"
"R00018"," Ammonia +  sym-Homospermidine <=> 2 Putrescine"
"R00023","2 H+ +  Hyponitrite <=> 2 Hydroxylamine"
"R00026","2 beta-D-Glucose <=>  H2O +  Cellobiose"
"R00028","2 alpha-D-Glucose <=>  H2O +  Maltose"
"R00036","2 H2O +  Porphobilinogen <=> 2 5-Aminolevulinate"
"R00038"," 4-Hydroxyhexan-3-one <=> 2 Propanal"
"R00039"," Sucrose +  Lychnose <=> 2 Raffinose"
"R00048","2 (R)-3-Hydroxybutanoate <=>  H2O +  (R)-3-((R)-3-Hydroxybutanoyloxy)butanoate"
"R00084","4 Ammonia +  Hydroxymethylbilane <=>  H2O + 4 Porphobilinogen"
"R00090","2 H2O <=>  Hydrogen peroxide +  H+"
"R00091"," H+ +  CoA-disulfide <=> 2 CoA"
"R00093"," 2-Oxoglutarate +  L-Glutamine +  H+ <=> 2 L-Glutamate"
"R00094"," H+ +  Glutathione disulfide <=> 2 Glutathione"
"R00095"," H+ + 2 Monodehydroascorbate <=> 2 Ascorbate"
"R00131"," CO2 + 2 Ammonia <=>  H2O +  Urea"
"R00132"," H2O +  CO2 <=>  Carbonic acid"
"R00143"," H+ +  Hydroxylamine <=>  H2O +  Ammonia"
"R00152"," Ammonia +  Formate <=> 2 H2O +  Hydrogen cyanide"
"R00195","2 Ammonia +  Pyruvate <=>  H2O +  2,3-Diaminopropanoate"
"R00203"," Pyruvate +  H+ <=>  H2O +  Methylglyoxal"
"R00209"," CO2 +  Acetyl-CoA +  H+ <=>  CoA +  Pyruvate"
"R00212"," CoA +  Pyruvate <=>  Acetyl-CoA +  Formate"
"R00213"," CO2 + 2 Ammonia +  Pyruvate <=>  H2O +  O-Carbamoyl-L-serine"
"R00214"," CO2 +  Pyruvate +  H+ <=>  (S)-Malate"
"R00215"," CO2 +  Pyruvate +  H+ <=>  (R)-Malate"
"R00217"," CO2 +  Pyruvate <=>  Oxaloacetate"
"R00218"," CO2 +  Pyruvate <=>  H2O +  Acetylenedicarboxylate"
"R00219"," 2-Hydroxyethylenedicarboxylate <=>  CO2 +  Pyruvate"
"R00220"," Ammonia +  Pyruvate <=>  L-Serine"
"R00221"," Ammonia +  Pyruvate <=>  D-Serine"
"R00223"," Ammonia +  Pyruvate <=>  Serine"
"R00224"," CO2 +  Acetaldehyde <=>  Pyruvate"
"R00226","2 Pyruvate <=>  CO2 +  (S)-2-Acetolactate"
"R00227"," CoA +  Acetate <=>  H2O +  Acetyl-CoA"
"R00228"," Acetyl-CoA +  H+ <=>  CoA +  Acetaldehyde"
"R00233"," CO2 +  Acetyl-CoA <=>  Malonyl-CoA"
"R00237"," Pyruvate +  Acetyl-CoA <=>  (3S)-Citramalyl-CoA"
"R00238"," CoA +  Acetoacetyl-CoA <=> 2 Acetyl-CoA"
"R00243"," Ammonia +  2-Oxoglutarate +  H+ <=>  H2O +  L-Glutamate"
"R00245"," L-Glutamate +  H+ <=>  H2O +  L-Glutamate 5-semialdehyde"
"R00254"," H2O +  N-Carbamyl-L-glutamate <=>  CO2 +  Ammonia +  L-Glutamate"
"R00256"," Ammonia +  L-Glutamate <=>  H2O +  L-Glutamine"
"R00258"," Pyruvate +  L-Glutamate <=>  2-Oxoglutarate +  L-Alanine"
"R00259"," CoA +  N-Acetyl-L-glutamate <=>  Acetyl-CoA +  L-Glutamate"
"R00260"," D-Glutamate <=>  L-Glutamate"
"R00261"," CO2 +  4-Aminobutanoate <=>  L-Glutamate"
"R00262"," L-Glutamate <=>  L-threo-3-Methylaspartate"
"R00268"," CO2 +  2-Oxoglutarate <=>  Oxalosuccinate"
"R00269"," Ammonia +  2-Oxoglutarate <=>  H2O +  2-Oxoglutaramate"
"R00270"," H2O +  4-Oxoglutaramate <=>  Ammonia +  2-Oxoglutarate"
"R00271"," CoA +  (R)-2-Hydroxybutane-1,2,4-tricarboxylate <=>  H2O +  Acetyl-CoA +  2-Oxoglutarate"
"R00272"," CO2 +  Succinate semialdehyde <=>  2-Oxoglutarate"
"R00274","2 H2O +  Glutathione disulfide <=>  Hydrogen peroxide + 2 Glutathione"
"R00300"," H+ +  D-Glucono-1,5-lactone <=>  D-Glucose"
"R00306","2 D-Glucose <=>  H2O +  Cellobiose"
"R00307"," D-Fructose <=>  D-Glucose"
"R00321"," Ammonia +  Acetate <=>  H2O +  Acetamide"
"R00324"," Pyruvate +  Acetate <=>  H2O +  Acetylpyruvate"
"R00325"," Pyruvate +  Acetate <=>  (S)-2-Methylmalate"
"R00327"," D-Glucose +  Acetate <=>  H2O +  6-Acetyl-D-glucose"
"R00338"," Acetate +  Oxalate <=>  H2O +  Oxaloacetate"
"R00339"," H2O +  Oxaloacetate <=>  (R,R)-Tartaric acid"
"R00340"," H2O +  Oxaloacetate <=>  (S,S)-Tartaric acid"
"R00342"," Oxaloacetate +  H+ <=>  (S)-Malate"
"R00347"," Ammonia +  Oxaloacetate <=>  erythro-3-Hydroxy-Ls-aspartate"
"R00348"," Ammonia +  Oxaloacetate <=>  H2O +  2-Oxosuccinamate"
"R00350"," Pyruvate +  Oxaloacetate <=>  4-Carboxy-4-hydroxy-2-oxoadipate"
"R00351"," H2O +  Acetyl-CoA +  Oxaloacetate <=>  CoA +  Citrate"
"R00353"," Acetyl-CoA +  Oxaloacetate <=>  Pyruvate +  Malonyl-CoA"
"R00354"," Acetyl-CoA +  Oxaloacetate <=>  (3S)-Citryl-CoA"
"R00355"," L-Glutamate +  Oxaloacetate <=>  2-Oxoglutarate +  L-Aspartate"
"R00362"," Acetate +  Oxaloacetate <=>  Citrate"
"R00363"," 2-Hydroxyethylenedicarboxylate <=>  Oxaloacetate"
"R00365"," Ammonia +  Glyoxylate +  H+ <=>  H2O +  Glycine"
"R00368"," Pyruvate +  Glycine +  H+ <=>  H2O +  N-(Carboxymethyl)-D-alanine"
"R00369"," Pyruvate +  Glycine <=>  L-Alanine +  Glyoxylate"
"R00371"," CoA +  L-2-Amino-3-oxobutanoic acid <=>  Acetyl-CoA +  Glycine"
"R00372"," L-Glutamate +  Glyoxylate <=>  2-Oxoglutarate +  Glycine"
"R00373"," Glyoxylate +  L-Aspartate <=>  Oxaloacetate +  Glycine"
"R00396"," Ammonia +  Pyruvate +  H+ <=>  H2O +  L-Alanine"
"R00397"," CO2 +  L-Alanine <=>  L-Aspartate"
"R00398"," Pyruvate +  L-Alanine +  H+ <=>  H2O +  Alanopine"
"R00399"," CoA +  2-Amino-4-oxopentanoic acid <=>  Acetyl-CoA +  D-Alanine"
"R00400"," Pyruvate +  L-Aspartate <=>  Oxaloacetate +  L-Alanine"
"R00401"," D-Alanine <=>  L-Alanine"
"R00402"," H+ +  Fumarate <=>  Succinate"
"R00406"," Succinate +  L-Malyl-CoA <=>  Succinyl-CoA +  (S)-Malate"
"R00407"," CoA +  Succinate <=>  H2O +  Succinyl-CoA"
"R00408"," Fumarate <=>  Succinate"
"R00409"," Pyruvate +  Succinate <=>  (2S,3R)-3-Hydroxybutane-1,2,3-tricarboxylate"
"R00410"," Succinate +  Acetoacetyl-CoA <=>  Succinyl-CoA +  Acetoacetate"
"R00411"," L-Glutamate +  Succinate <=>  H2O +  N-Succinyl-L-glutamate"
"R00445"," Ammonia +  H+ +  delta1-Piperideine-2-carboxylate <=>  L-Lysine"
"R00446"," Ammonia +  H+ +  L-2-Aminoadipate 6-semialdehyde <=>  H2O +  L-Lysine"
"R00451"," CO2 +  L-Lysine <=>  meso-2,6-Diaminoheptanedioate"
"R00453"," L-Alanine +  L-2-Aminoadipate 6-semialdehyde <=>  Pyruvate +  L-Lysine"
"R00454"," CoA +  N6-Acetyl-L-lysine <=>  Acetyl-CoA +  L-Lysine"
"R00457"," L-Glutamate +  L-2-Aminoadipate 6-semialdehyde <=>  2-Oxoglutarate +  L-Lysine"
"R00458"," Acetate +  L-Lysine <=>  H2O +  N6-Acetyl-L-lysine"
"R00460"," D-Lysine <=>  L-Lysine"
"R00461"," (3S)-3,6-Diaminohexanoate <=>  L-Lysine"
"R00462"," CO2 +  Cadaverine <=>  L-Lysine"
"R00463"," L-Lysine <=>  H2O +  L-Lysine 1,6-lactam"
"R00469"," CO2 + 2 Ammonia +  Glyoxylate <=>  H2O +  (-)-Ureidoglycolate"
"R00470"," Pyruvate +  Glyoxylate <=>  4-Hydroxy-2-oxoglutarate"
"R00471"," Pyruvate +  Glyoxylate <=>  (4R)-4-Hydroxy-2-oxoglutarate"
"R00472"," H2O +  Acetyl-CoA +  Glyoxylate <=>  CoA +  (S)-Malate"
"R00473"," Acetyl-CoA +  Glyoxylate <=>  L-Malyl-CoA"
"R00474"," 2-Oxoglutarate +  Glyoxylate <=>  CO2 +  2-Hydroxy-3-oxoadipate"
"R00477"," Oxaloacetate +  Glyoxylate <=>  3-Oxalomalate"
"R00478"," Glycine +  Glyoxylate <=>  erythro-3-Hydroxy-Ls-aspartate"
"R00479"," Succinate +  Glyoxylate <=>  Isocitrate"
"R00484"," CO2 +  Ammonia +  L-Aspartate <=>  H2O +  N-Carbamoyl-L-aspartate"
"R00485"," Ammonia +  L-Aspartate <=>  H2O +  L-Asparagine"
"R00486"," Ammonia +  L-Aspartate <=> 2 H2O +  3-Cyano-L-alanine"
"R00487"," CoA +  N-Acetyl-L-aspartate <=>  Acetyl-CoA +  L-Aspartate"
"R00488"," Acetate +  L-Aspartate <=>  H2O +  N-Acetyl-L-aspartate"
"R00489"," CO2 +  beta-Alanine <=>  L-Aspartate"
"R00490"," Ammonia +  Fumarate <=>  L-Aspartate"
"R00491"," D-Aspartate <=>  L-Aspartate"
"R00494"," L-Glutamate +  Cys-Gly <=>  H2O +  Glutathione"
"R00499"," Succinate +  Glutathione <=>  H2O +  S-Succinylglutathione"
"R00519"," CO2 +  H+ <=>  Formate"
"R00521"," CoA +  Formate <=>  H2O +  Formyl-CoA"
"R00522"," CO2 +  Formate <=>  Oxalate"
"R00524"," Ammonia +  Formate <=>  H2O +  Formamide"
"R00525"," L-Glutamate +  Formate <=>  H2O +  N-Formyl-L-glutamate"
"R00526"," L-Aspartate +  Formate <=>  H2O +  N-Formyl-L-aspartate"
"R00527"," Glutathione +  Formate <=>  H2O +  S-Formylglutathione"
"R00551"," L-Ornithine +  Urea <=>  H2O +  L-Arginine"
"R00552"," Ammonia +  L-Citrulline <=>  H2O +  L-Arginine"
"R00562"," Pyruvate +  L-Arginine +  H+ <=>  H2O +  D-Octopine"
"R00565"," L-Ornithine +  Guanidinoacetate <=>  Glycine +  L-Arginine"
"R00566"," CO2 +  Agmatine <=>  L-Arginine"
"R00567"," D-Arginine <=>  L-Arginine"
"R00576"," L-Alanine +  2-Oxoglutaramate <=>  Pyruvate +  L-Glutamine"
"R00579"," D-Glutamine <=>  L-Glutamine"
"R00581"," Ammonia +  H+ +  Hydroxypyruvate <=>  H2O +  L-Serine"
"R00585"," L-Alanine +  Hydroxypyruvate <=>  Pyruvate +  L-Serine"
"R00586"," CoA +  O-Acetyl-L-serine <=>  Acetyl-CoA +  L-Serine"
"R00588"," Glycine +  Hydroxypyruvate <=>  Glyoxylate +  L-Serine"
"R00589"," D-Serine <=>  L-Serine"
"R00590"," H2O +  Dehydroalanine <=>  L-Serine"
"R00602","2 H2O +  Formaldehyde <=>  Hydrogen peroxide +  Methanol"
"R00604"," Formate +  H+ <=>  H2O +  Formaldehyde"
"R00605"," Formaldehyde +  H+ <=>  Methanol"
"R00614"," Formate +  Methanol <=>  H2O + 2 Formaldehyde"
"R00644","2 H2O +  Dehydroascorbate <=>  Hydrogen peroxide +  Ascorbate"
"R00647"," L-xylo-Hexulonolactone <=>  Ascorbate"
"R00665"," CO2 +  Ammonia +  L-Ornithine <=>  H2O +  L-Citrulline"
"R00667"," L-Glutamate +  L-Glutamate 5-semialdehyde <=>  2-Oxoglutarate +  L-Ornithine"
"R00668"," H2O +  L-Glutamate +  delta-1-Pyrroline-5-carboxylate <=>  2-Oxoglutarate +  L-Ornithine"
"R00669"," Acetate +  L-Ornithine <=>  H2O +  N-Acetylornithine"
"R00670"," CO2 +  Putrescine <=>  L-Ornithine"
"R00671"," Ammonia +  L-Proline <=>  L-Ornithine"
"R00672"," D-Ornithine <=>  L-Ornithine"
"R00700"," H+ <=>  Hydrogen"
"R00703"," Pyruvate +  H+ <=>  (S)-Lactate"
"R00704"," Pyruvate +  H+ <=>  (R)-Lactate"
"R00705"," CO2 +  Acetyl-CoA +  H+ <=>  CoA +  3-Oxopropanoate"
"R00707"," L-Glutamate +  H+ <=> 2 H2O +  (S)-1-Pyrroline-5-carboxylate"
"R00709"," CO2 +  2-Oxoglutarate +  H+ <=>  Isocitrate"
"R00710"," Acetate +  H+ <=>  H2O +  Acetaldehyde"
"R00713"," Succinate +  H+ <=>  H2O +  Succinate semialdehyde"
"R00715"," 2-Oxoglutarate +  L-Lysine +  H+ <=>  H2O +  N6-(L-1,3-Dicarboxypropyl)-L-lysine"
"R00717"," Glyoxylate +  H+ <=>  Glycolate"
"R00743"," Acetate +  Malonyl-CoA <=>  Acetyl-CoA +  Malonate"
"R00749"," Ammonia +  Acetaldehyde <=>  Ethanolamine"
"R00750"," 4-Hydroxy-2-oxopentanoate <=>  Pyruvate +  Acetaldehyde"
"R00751"," Glycine +  Acetaldehyde <=>  L-Threonine"
"R00753"," Formate +  Acetaldehyde <=>  (S)-Lactate"
"R00754"," H+ +  Acetaldehyde <=>  Ethanol"
"R00775"," Glycine +  Urea <=>  H2O +  Guanidinoacetate"
"R00776"," Glyoxylate +  Urea <=>  (-)-Ureidoglycolate"
"R00777"," L-Aspartate +  Urea <=>  H2O +  N-Amidino-L-aspartate"
"R00778"," H2O +  Cyanamide <=>  Urea"
"R00782"," Ammonia +  Pyruvate +  Hydrogen sulfide <=>  H2O +  L-Cysteine"
"R00787","3 H+ +  Nitrite <=> 2 H2O +  Ammonia"
"R00794"," H+ +  Nitrate <=>  H2O +  Nitrite"
"R00801"," D-Glucose +  D-Fructose <=>  H2O +  Sucrose"
"R00802"," alpha-D-Glucose +  beta-D-Fructose <=>  H2O +  Sucrose"
"R00807"," 3-Ketosucrose <=>  Sucrose"
"R00810"," Palatinose <=>  Sucrose"
"R00829"," CoA +  3-Oxoadipyl-CoA <=>  Acetyl-CoA +  Succinyl-CoA"
"R00830"," CoA +  CO2 +  5-Aminolevulinate <=>  Glycine +  Succinyl-CoA"
"R00832"," CoA +  N2-Succinyl-L-arginine <=>  L-Arginine +  Succinyl-CoA"
"R00833"," Succinyl-CoA <=>  (R)-Methylmalonyl-CoA"
"R00863"," L-Alanine +  Sulfur dioxide <=>  3-Sulfino-L-alanine"
"R00864"," Thiosulfate <=>  Sulfur +  Sulfite"
"R00868"," H+ +  D-Fructose <=>  Mannitol"
"R00874"," D-Glucono-1,5-lactone +  D-Sorbitol <=>  D-Glucose +  D-Fructose"
"R00875"," H+ +  D-Fructose <=>  D-Sorbitol"
"R00877"," D-Fructose <=>  D-Mannose"
"R00878"," D-Fructose <=>  alpha-D-Glucose"
"R00891"," H2O +  L-Cysteine <=>  L-Serine +  Hydrogen sulfide"
"R00892"," H+ +  L-Cystine <=> 2 L-Cysteine"
"R00895"," L-Glutamate +  Mercaptopyruvate <=>  2-Oxoglutarate +  L-Cysteine"
"R00896"," Glutamate +  Mercaptopyruvate <=>  2-Oxoglutarate +  L-Cysteine"
"R00897"," Acetate +  L-Cysteine <=>  Hydrogen sulfide +  O-Acetyl-L-serine"
"R00899"," Glycine +  L-Cysteine <=>  H2O +  Cys-Gly"
"R00901"," Hydrogen sulfide +  L-Cysteate <=>  Sulfite +  L-Cysteine"
"R00903"," D-Cysteine <=>  L-Cysteine"
"R00904"," H+ +  beta-Alanine <=>  H2O +  3-Aminopropanal"
"R00905"," CO2 +  Ammonia +  beta-Alanine <=>  H2O +  3-Ureidopropionate"
"R00906"," Pyruvate +  H+ +  beta-Alanine <=>  H2O +  beta-Alanopine"
"R00907"," Pyruvate +  beta-Alanine <=>  L-Alanine +  3-Oxopropanoate"
"R00908"," L-Glutamate +  3-Oxopropanoate <=>  2-Oxoglutarate +  beta-Alanine"
"R00909"," Acetate +  beta-Alanine <=>  H2O +  N-Acetyl-beta-alanine"
"R00911"," L-Lysine +  beta-Alanine <=>  H2O +  beta-Alanyl-L-lysine"
"R00913"," Urea +  beta-Alanine <=>  H2O +  3-Guanidinopropanoate"
"R00917","2 H2O +  3-Aminopropiononitrile <=>  Ammonia +  beta-Alanine"
"R00922"," CO2 +  H+ +  Propanoyl-CoA <=>  CoA +  2-Methyl-3-oxopropanoate"
"R00923"," CO2 +  Propanoyl-CoA <=>  (S)-Methylmalonyl-CoA"
"R00924"," Propenoyl-CoA <=>  Propanoyl-CoA"
"R00927"," CoA +  2-Methylacetoacetyl-CoA <=>  Acetyl-CoA +  Propanoyl-CoA"
"R00928"," Acetate +  Propanoyl-CoA <=>  Acetyl-CoA +  Propanoate"
"R00930"," Oxaloacetate +  Propanoyl-CoA <=>  Pyruvate +  (S)-Methylmalonyl-CoA"
"R00931"," H2O +  Oxaloacetate +  Propanoyl-CoA <=>  CoA +  2-Methylcitrate"
"R00932"," H2O +  Glyoxylate +  Propanoyl-CoA <=>  CoA +  2-Hydroxyglutarate"
"R00934"," L-erythro-3-Methylmalyl-CoA <=>  Glyoxylate +  Propanoyl-CoA"
"R00935"," CO2 +  H+ +  Propanoyl-CoA <=>  CoA +  (S)-Methylmalonate semialdehyde"
"R00973"," CO2 +  Uracil <=>  Uracil 5-carboxylate"
"R00974"," Ammonia +  Uracil <=>  H2O +  Cytosine"
"R00977"," H+ +  Uracil <=>  5,6-Dihydrouracil"
"R00994"," D-erythro-3-Methylmalate <=>  CO2 +  H+ +  2-Oxobutanoate"
"R00995"," Methyloxaloacetate <=>  CO2 +  2-Oxobutanoate"
"R00996"," Ammonia +  2-Oxobutanoate <=>  L-Threonine"
"R00997"," Ammonia +  2-Oxobutanoate <=>  H2O +  1-Aminocyclopropane-1-carboxylate"
"R00998"," H2O +  Acetyl-CoA +  2-Oxobutanoate <=>  CoA +  (R)-2-Ethylmalate"
"R00999"," Ammonia +  Succinate +  2-Oxobutanoate <=>  H2O +  O-Succinyl-L-homoserine"
"R01000"," H+ +  2-Oxobutanoate <=>  2-Hydroxybutanoic acid"
"R01001"," Ammonia +  L-Cysteine +  2-Oxobutanoate <=>  H2O +  L-Cystathionine"
"R01034"," H+ +  Glycerone <=>  Glycerol"
"R01036"," H+ +  D-Glyceraldehyde <=>  Glycerol"
"R01047"," H2O +  3-Hydroxypropanal <=>  Glycerol"
"R01048"," H2O +  Lactaldehyde <=>  Glycerol"
"R01080"," Uracil +  D-Ribose <=>  H2O +  Uridine"
"R01081"," D-Ribulose <=>  D-Ribose"
"R01082"," H2O +  Fumarate <=>  (S)-Malate"
"R01085"," Pyruvate +  Fumarate <=>  H2O +  3-Fumarylpyruvate"
"R01086"," L-Arginine +  Fumarate <=>  N-(L-Arginino)succinate"
"R01087"," Fumarate <=>  Maleic acid"
"R01088"," Ammonia +  H+ +  4-Methyl-2-oxopentanoate <=>  H2O +  L-Leucine"
"R01089"," CoA +  N-Acetyl-L-leucine <=>  Acetyl-CoA +  L-Leucine"
"R01090"," L-Glutamate +  4-Methyl-2-oxopentanoate <=>  2-Oxoglutarate +  L-Leucine"
"R01091"," (3R)-beta-Leucine <=>  L-Leucine"
"R01093"," Galactitol <=>  H+ +  D-Galactose"
"R01094"," H+ +  D-Galactono-1,4-lactone <=>  D-Galactose"
"R01100"," D-Glucose +  D-Galactose <=>  H2O +  Lactose"
"R01101"," D-Glucose +  D-Galactose <=>  H2O +  Melibiose"
"R01103"," Sucrose +  D-Galactose <=>  H2O +  Raffinose"
"R01104"," Glycerol +  D-Galactose <=>  H2O +  3-beta-D-Galactosyl-sn-glycerol"
"R01108"," Ascorbate +  Glutathione disulfide <=> 2 Glutathione +  Dehydroascorbate"
"R01109"," Glutathione disulfide + 2 Cysteine <=> 2 Glutathione +  Cystine"
"R01111"," Glutathione +  CoA-glutathione <=>  CoA +  Glutathione disulfide"
"R01113","2 L-Cysteine +  Glutathione disulfide <=> 2 Glutathione +  L-Cystine"
"R01144"," Oxaloacetate +  Methanol <=>  H2O +  Oxaloacetate 4-methyl ester"
"R01148"," Pyruvate +  D-Glutamate <=>  2-Oxoglutarate +  D-Alanine"
"R01149"," Ammonia +  gamma-L-Glutamyl-D-alanine <=>  L-Glutamine +  D-Alanine"
"R01152"," CO2 +  Ammonia +  Putrescine <=>  H2O +  N-Carbamoylputrescine"
"R01154"," CoA +  N-Acetylputrescine <=>  Acetyl-CoA +  Putrescine"
"R01155"," L-Glutamate +  4-Aminobutyraldehyde <=>  2-Oxoglutarate +  Putrescine"
"R01156"," Acetate +  Putrescine <=>  H2O +  N-Acetylputrescine"
"R01157"," Urea +  Putrescine <=>  H2O +  Agmatine"
"R01158","2 H+ +  L-Histidine <=>  H2O +  L-Histidinol"
"R01160"," CoA +  N-Acetyl-L-histidine <=>  Acetyl-CoA +  L-Histidine"
"R01161"," L-Glutamate +  Imidazol-5-yl-pyruvate <=>  2-Oxoglutarate +  L-Histidine"
"R01163"," H+ +  L-Histidine <=>  H2O +  L-Histidinal"
"R01166"," beta-Alanine +  L-Histidine <=>  H2O +  Carnosine"
"R01167"," CO2 +  Histamine <=>  L-Histidine"
"R01168"," Ammonia +  Urocanate <=>  L-Histidine"
"R01171"," H+ +  Crotonoyl-CoA <=>  Butanoyl-CoA"
"R01172"," H+ +  Butanoyl-CoA <=>  CoA +  Butanal"
"R01175"," Crotonoyl-CoA <=>  Butanoyl-CoA"
"R01177"," CoA +  3-Oxohexanoyl-CoA <=>  Acetyl-CoA +  Butanoyl-CoA"
"R01179"," Acetyl-CoA +  Butanoic acid <=>  Acetate +  Butanoyl-CoA"
"R01180"," H2O +  Glyoxylate +  Butanoyl-CoA <=>  CoA +  3-Ethylmalate"
"R01181"," Butanoyl-CoA <=>  2-Methylpropanoyl-CoA"
"R01209"," H2O +  3-Methyl-2-oxobutanoic acid <=>  2,3-Dihydroxy-3-methylbutanoate"
"R01210"," CO2 +  H+ +  2-Methylpropanoyl-CoA <=>  CoA +  3-Methyl-2-oxobutanoic acid"
"R01211"," CO2 +  H+ +  3-Methyl-2-oxobutanoic acid <=>  (R)-3,3-Dimethylmalate"
"R01213"," H2O +  Acetyl-CoA +  3-Methyl-2-oxobutanoic acid <=>  CoA +  alpha-Isopropylmalate"
"R01214"," L-Glutamate +  3-Methyl-2-oxobutanoic acid <=>  2-Oxoglutarate +  L-Valine"
"R01215"," L-Alanine +  3-Methyl-2-oxobutanoic acid <=>  Pyruvate +  L-Valine"
"R01216"," Formaldehyde +  3-Methyl-2-oxobutanoic acid <=>  2-Dehydropantoate"
"R01246"," H+ +  1-Pyrroline-2-carboxylate <=>  L-Proline"
"R01248"," H+ +  (S)-1-Pyrroline-5-carboxylate <=>  L-Proline"
"R01255"," D-Proline <=>  L-Proline"
"R01257"," Oxaloacetate <=>  (S)-Malate"
"R01267"," H2O +  3-Cyano-L-alanine <=>  L-Asparagine"
"R01274"," CoA +  Hexadecanoic acid <=>  H2O +  Palmitoyl-CoA"
"R01277"," H+ +  Palmitoyl-CoA <=>  CoA +  Hexadecanal"
"R01279"," trans-Hexadec-2-enoyl-CoA <=>  Palmitoyl-CoA"
"R01281"," CoA +  CO2 +  3-Dehydrosphinganine <=>  L-Serine +  Palmitoyl-CoA"
"R01283"," Ammonia +  2-Oxobutanoate +  Hydrogen sulfide <=>  H2O +  L-Homocysteine"
"R01286"," Ammonia +  Pyruvate +  L-Homocysteine <=>  H2O +  L-Cystathionine"
"R01287"," Acetate +  L-Homocysteine <=>  Hydrogen sulfide +  O-Acetyl-L-homoserine"
"R01288"," Succinate +  L-Homocysteine <=>  Hydrogen sulfide +  O-Succinyl-L-homoserine"
"R01289"," H2O +  Cystathionine <=>  L-Serine +  L-Homocysteine"
"R01290"," H2O +  L-Cystathionine <=>  L-Serine +  L-Homocysteine"
"R01292"," Glutathione disulfide + 2 L-Homocysteine <=> 2 Glutathione +  L-Homocystine"
"R01323"," Acetate +  (3S)-Citryl-CoA <=>  Acetyl-CoA +  Citrate"
"R01324"," Isocitrate <=>  Citrate"
"R01325"," H2O +  cis-Aconitate <=>  Citrate"
"R01329"," D-Galactose +  D-Mannose <=>  H2O +  Epimelibiose"
"R01333"," H+ +  Glycolate <=>  H2O +  Glycolaldehyde"
"R01335"," H2O +  5-Hydroxy-2,4-dioxopentanoate <=>  Pyruvate +  Glycolate"
"R01336"," Fumarate +  Glycolate <=>  Carboxymethyloxysuccinate"
"R01355"," Pyruvate +  Propanoate <=>  (2R,3S)-2,3-Dimethylmalate"
"R01358"," CoA +  Acetoacetate <=>  H2O +  Acetoacetyl-CoA"
"R01359"," Acetyl-CoA +  Acetoacetate <=>  Acetate +  Acetoacetyl-CoA"
"R01360"," Acetyl-CoA +  Acetoacetate <=>  (S)-3-Hydroxy-3-methylglutaryl-CoA"
"R01361"," H+ +  Acetoacetate <=>  (R)-3-Hydroxybutanoate"
"R01364"," H2O +  4-Fumarylacetoacetate <=>  Fumarate +  Acetoacetate"
"R01365"," Butanoic acid +  Acetoacetyl-CoA <=>  Butanoyl-CoA +  Acetoacetate"
"R01366"," CO2 +  Acetone <=>  Acetoacetate"
"R01367"," H2O +  3-Butynoate <=>  Acetoacetate"
"R01388"," H+ +  Hydroxypyruvate <=>  D-Glycerate"
"R01390"," Dihydroxyfumarate <=>  CO2 +  Hydroxypyruvate"
"R01393"," CO2 +  Glycolaldehyde <=>  Hydroxypyruvate"
"R01394"," 2-Hydroxy-3-oxopropanoate <=>  Hydroxypyruvate"
"R01408"," H2O +  Hydrogen cyanide <=>  Formamide"
"R01410"," H2O +  alpha-Aminopropiononitrile <=>  Ammonia +  Acetaldehyde +  Hydrogen cyanide"
"R01416"," Ammonia +  N-Carbamoylputrescine <=>  H2O +  Agmatine"
"R01418"," H2O +  Arcaine <=>  Urea +  Agmatine"
"R01429"," H+ +  D-Xylonolactone <=>  D-Xylose"
"R01432"," D-Xylulose <=>  D-Xylose"
"R01434"," Ammonia +  H+ +  3-Methyl-2-oxobutanoic acid <=>  H2O +  L-Valine"
"R01437"," CO2 +  2-Methylpropanamine <=>  L-Valine"
"R01444"," D-Glucose +  Cellobiose <=>  H2O +  Cellotriose"
"R01445"," 4-O-beta-D-Glucopyranosyl-D-mannose <=>  Cellobiose"
"R01446"," H+ +  (S)-Lactate <=>  H2O +  (S)-Lactaldehyde"
"R01447"," Pyruvate +  (S)-Malate <=>  Oxaloacetate +  (S)-Lactate"
"R01449"," Propanoyl-CoA +  (S)-Lactate <=>  Propanoate +  Lactoyl-CoA"
"R01450"," (R)-Lactate <=>  (S)-Lactate"
"R01465"," H+ +  L-2-Amino-3-oxobutanoic acid <=>  L-Threonine"
"R01467"," D-Threonine <=>  L-Threonine"
"R01482"," D-Fructuronate <=>  D-Glucuronate"
"R01483"," D-Glucuronate <=>  H2O +  D-Glucuronolactone"
"R01484"," D-Glucuronate <=>  H2O +  D-Glucurono-6,2-lactone"
"R01485"," Ammonia +  beta-L-Aspartylhydroxamate <=>  L-Asparagine +  Hydroxylamine"
"R01519"," D-Gluconic acid <=>  H2O +  D-Glucono-1,5-lactone"
"R01520"," H+ +  D-Glucono-1,5-lactone <=>  beta-D-Glucose"
"R01538"," H2O +  2-Dehydro-3-deoxy-D-gluconate <=>  D-Gluconic acid"
"R01540"," H2O +  2-Dehydro-3-deoxy-D-gluconate <=>  D-Altronate"
"R01542"," H+ +  (4S)-4,6-Dihydroxy-2,5-dioxohexanoate <=>  2-Dehydro-3-deoxy-D-gluconate"
"R01544"," Ammonia +  2-Dehydro-3-deoxy-D-gluconate <=>  2-Amino-2-deoxy-D-gluconate"
"R01553"," Acetone +  Hydrogen cyanide <=>  Acetone cyanohydrin"
"R01556"," CoA +  Acetyl-maltose <=>  Acetyl-CoA +  Maltose"
"R01557"," alpha,alpha-Trehalose <=>  Maltose"
"R01559"," Succinate +  Oxalyl-CoA <=>  Succinyl-CoA +  Oxalate"
"R01574"," H+ +  D-Arabinono-1,4-lactone <=>  D-Arabinose"
"R01576"," Pyruvate +  D-Arabinose <=>  3-Deoxy-D-manno-octulosonate"
"R01577"," D-Ribulose <=>  D-Arabinose"
"R01579"," Ammonia +  D-Glutamate <=>  H2O +  D-Glutamine"
"R01583"," H2O +  5-Oxo-D-proline <=>  D-Glutamate"
"R01602"," beta-D-Glucose <=>  alpha-D-Glucose"
"R01604"," H+ +  Malonate <=>  H2O +  3-Oxopropanoate"
"R01608"," H+ +  3-Oxopropanoate <=>  3-Hydroxypropanoate"
"R01611"," H2O +  Propynoate <=>  3-Oxopropanoate"
"R01644"," H+ +  Succinate semialdehyde <=>  4-Hydroxybutanoic acid"
"R01645"," Pyruvate +  Succinate semialdehyde <=>  4-Hydroxy-2-oxo-heptanedioate"
"R01647"," 2,4-Dihydroxyhept-2-enedioate <=>  Pyruvate +  Succinate semialdehyde"
"R01648"," L-Glutamate +  Succinate semialdehyde <=>  2-Oxoglutarate +  4-Aminobutanoate"
"R01649"," CO2 +  Ammonia +  Acetate +  Succinate semialdehyde <=> 2 H2O +  2-(Acetamidomethylene)succinate"
"R01650"," H2O +  gamma-Amino-gamma-cyanobutanoate <=>  Ammonia +  Succinate semialdehyde +  Hydrogen cyanide"
"R01651"," CO2 +  H+ +  3-Methylbutanoyl-CoA <=>  CoA +  4-Methyl-2-oxopentanoate"
"R01652"," (2S)-2-Isopropyl-3-oxosuccinate <=>  CO2 +  4-Methyl-2-oxopentanoate"
"R01678"," D-Galactose +  alpha-D-Glucose <=>  H2O +  Lactose"
"R01681"," H+ +  Taurine <=>  H2O +  Hypotaurine"
"R01682"," CO2 +  Taurine <=>  L-Cysteate"
"R01683"," Pyruvate +  H+ +  Taurine <=>  H2O +  Tauropine"
"R01684"," L-Glutamate +  Sulfoacetaldehyde <=>  2-Oxoglutarate +  Taurine"
"R01686"," L-Ornithine +  Taurocyamine <=>  L-Arginine +  Taurine"
"R01689"," H+ +  2-Butenoate <=>  Butanoic acid"
"R01703","3 H2O +  CO2 +  Pentadecanal <=> 2 Hydrogen peroxide +  Hexadecanoic acid"
"R01704"," H+ +  Hexadecanoic acid <=>  H2O +  Hexadecanal"
"R01718"," D-Glucose +  alpha-D-Glucose <=>  H2O +  Isomaltose"
"R01735"," H+ +  (R)-Lactate <=>  H2O +  (R)-Lactaldehyde"
"R01736"," Glutathione +  (R)-Lactate <=>  H2O +  (R)-S-Lactoylglutathione"
"R01738"," H+ +  5-Dehydro-D-gluconate <=>  D-Gluconic acid"
"R01741"," 2-Keto-D-gluconic acid <=>  D-Gluconic acid"
"R01745"," H+ +  2-Hydroxy-3-oxopropanoate <=>  D-Glycerate"
"R01749"," H+ +  2-Hydroxy-3-oxosuccinate <=>  CO2 +  D-Glycerate"
"R01751"," CO2 +  D-Glycerate <=>  (R,R)-Tartaric acid"
"R01752"," H+ +  D-Glycerate <=>  H2O +  D-Glyceraldehyde"
"R01757"," H+ +  L-Arabinono-1,4-lactone <=>  L-Arabinose"
"R01758"," H+ +  L-Arabinose <=>  L-Arabitol"
"R01761"," L-Ribulose <=>  L-Arabinose"
"R01773"," H+ +  L-Aspartate 4-semialdehyde <=>  L-Homoserine"
"R01776"," CoA +  O-Acetyl-L-homoserine <=>  Acetyl-CoA +  L-Homoserine"
"R01777"," CoA +  O-Succinyl-L-homoserine <=>  Succinyl-CoA +  L-Homoserine"
"R01781"," H+ +  Glycolaldehyde <=>  Ethylene glycol"
"R01782"," Pyruvate +  Glycolaldehyde <=>  2-Dehydro-3-deoxy-D-xylonate"
"R01784"," Pyruvate +  Glycolaldehyde <=>  2-Dehydro-3-deoxy-L-arabinonate"
"R01850"," CoA +  Thioacetate <=>  Acetyl-CoA +  Hydrogen sulfide"
"R01867"," Succinate +  Orotate <=>  Fumarate +  (S)-Dihydroorotate"
"R01869"," H+ +  Orotate <=>  (S)-Dihydroorotate"
"R01874"," Ammonia +  Pyruvate +  Hydrogen sulfide <=>  H2O +  D-Cysteine"
"R01875"," Sulfite +  Glutathione disulfide +  Hydrogen sulfide <=> 2 Glutathione +  H+ +  Thiosulfate"
"R01878"," Ammonia +  Uridine <=>  H2O +  Cytidine"
"R01887"," Ammonia +  Glutamate <=> 2 H2O +  gamma-Amino-gamma-cyanobutanoate"
"R01895"," H+ +  D-Ribulose <=>  Ribitol"
"R01896"," H+ +  D-Xylulose <=>  Xylitol"
"R01898"," D-Lyxose <=>  D-Xylulose"
"R01900"," H2O +  cis-Aconitate <=>  Isocitrate"
"R01903"," H+ +  L-Xylulose <=>  L-Arabitol"
"R01905"," CO2 +  L-Xylulose <=>  3-Dehydro-L-gulonate"
"R01906"," L-Lyxose <=>  L-Xylulose"
"R01908"," CO2 +  Formyl-CoA <=>  Oxalyl-CoA"
"R01918"," Glutathione +  Spermidine <=>  H2O +  Glutathionylspermidine"
"R01919"," 1,3-Diaminopropane +  sym-Homospermidine <=>  Putrescine +  Spermidine"
"R01931"," Sulfite +  Thiocyanate <=>  Cyanide ion +  Thiosulfate"
"R01932"," 2-Hydroxyadipate <=>  H+ +  2-Oxoadipate"
"R01933"," CO2 +  H+ +  Glutaryl-CoA <=>  CoA +  2-Oxoadipate"
"R01934"," CO2 +  H+ +  2-Oxoadipate <=>  Homoisocitrate"
"R01936"," CO2 +  2-Oxoadipate <=>  Oxaloglutarate"
"R01937"," H2O +  H+ +  2-Aminomuconate <=>  Ammonia +  2-Oxoadipate"
"R01939"," L-Glutamate +  2-Oxoadipate <=>  2-Oxoglutarate +  L-2-Aminoadipate"
"R01975"," H+ +  Acetoacetyl-CoA <=>  (S)-3-Hydroxybutanoyl-CoA"
"R01978"," H2O +  Acetyl-CoA +  Acetoacetyl-CoA <=>  CoA +  (S)-3-Hydroxy-3-methylglutaryl-CoA"
"R01981"," H+ +  D-Galactarate <=>  H2O +  D-Galacturonate"
"R01983"," D-Tagaturonate <=>  D-Galacturonate"
"R01984"," H2O +  D-Galacturonolactone <=>  D-Galacturonate"
"R01987"," H2O +  4-Acetamidobutanoate <=>  Acetate +  4-Aminobutanoate"
"R01989"," L-Ornithine +  4-Guanidinobutanoate <=>  L-Arginine +  4-Aminobutanoate"
"R01990"," Urea +  4-Aminobutanoate <=>  H2O +  4-Guanidinobutanoate"
"R01992"," L-Histidine +  4-Aminobutanoate <=>  H2O +  Homocarnosine"
"R01993"," N-Carbamoyl-L-aspartate <=>  H2O +  (S)-Dihydroorotate"
"R02047"," H+ +  2-Methyl-3-oxopropanoate <=>  3-Hydroxy-2-methylpropanoate"
"R02050"," L-Alanine +  2-Methyl-3-oxopropanoate <=>  Pyruvate +  (R)-3-Amino-2-methylpropanoate"
"R02081","2 H+ +  (S)-3-Hydroxy-3-methylglutaryl-CoA <=>  CoA +  (R)-Mevalonate"
"R02083"," CoA +  3-Hydroxy-3-methylglutarate <=>  H2O +  (S)-3-Hydroxy-3-methylglutaryl-CoA"
"R02084"," Succinate +  (S)-3-Hydroxy-3-methylglutaryl-CoA <=>  Succinyl-CoA +  3-Hydroxy-3-methylglutarate"
"R02085"," H2O +  3-Methylglutaconyl-CoA <=>  (S)-3-Hydroxy-3-methylglutaryl-CoA"
"R02137"," D-Ribose +  Cytosine <=>  H2O +  Cytidine"
"R02139"," 3-Oxo-3-ureidopropanoate <=>  H2O +  Barbiturate"
"R02152"," CoA +  4-(beta-Acetylaminoethyl)imidazole <=>  Acetyl-CoA +  Histamine"
"R02201"," H+ +  delta1-Piperideine-2-carboxylate <=>  L-Pipecolate"
"R02205"," (S)-2,3,4,5-Tetrahydropyridine-2-carboxylate <=>  L-Pipecolate"
"R02243"," CO2 +  Itaconate <=>  cis-Aconitate"
"R02244"," cis-Aconitate <=>  trans-Aconitate"
"R02246"," H+ +  Mevaldate <=>  (R)-Mevalonate"
"R02257"," H+ +  (S)-Lactaldehyde <=>  Propane-1,2-diol"
"R02258"," H+ +  (S)-Lactaldehyde <=>  (S)-Propane-1,2-diol"
"R02261"," Pyruvate +  (S)-Lactaldehyde <=>  2-Dehydro-3-deoxy-L-rhamnonate"
"R02269"," 3-Ureidopropionate <=>  H2O +  5,6-Dihydrouracil"
"R02271"," L-Alanine +  4,5-Dioxopentanoate <=>  Pyruvate +  5-Aminolevulinate"
"R02272"," (S)-4-Amino-5-oxopentanoate <=>  5-Aminolevulinate"
"R02273"," Ammonia +  5-Aminopentanoate <=>  H2O +  5-Aminopentanamide"
"R02274"," L-Glutamate +  5-Oxopentanoate <=>  2-Oxoglutarate +  5-Aminopentanoate"
"R02276"," Acetate +  5-Aminopentanoate <=>  H2O +  5-Acetamidopentanoate"
"R02278"," H2O +  2,5-Dioxopentanoate <=>  2-Dehydro-3-deoxy-L-arabinonate"
"R02279"," H2O +  CO2 +  2,5-Dioxopentanoate <=>  5-Dehydro-4-deoxy-D-glucarate"
"R02280"," Ammonia +  2,5-Dioxopentanoate <=>  H2O +  1-Pyrroline-4-hydroxy-2-carboxylate"
"R02282"," L-Ornithine +  N-Acetyl-L-glutamate <=>  L-Glutamate +  N-Acetylornithine"
"R02283"," L-Glutamate +  N-Acetyl-L-glutamate 5-semialdehyde <=>  2-Oxoglutarate +  N-Acetylornithine"
"R02284"," N-Carbamoyl-L-aspartate <=>  H2O +  L-5-Carboxymethylhydantoin"
"R02285"," L-Glutamate +  Formamide <=>  H2O +  N-Formimino-L-glutamate"
"R02286"," Ammonia +  N-Formyl-L-glutamate <=>  H2O +  N-Formimino-L-glutamate"
"R02288"," N-Formimino-L-glutamate <=>  H2O +  4-Imidazolone-5-propanoate"
"R02293"," L-Alanine +  L-Aspartate 4-semialdehyde <=>  Pyruvate +  L-2,4-Diaminobutanoate"
"R02313"," L-Glutamate +  H+ +  L-2-Aminoadipate 6-semialdehyde <=>  H2O +  N6-(L-1,3-Dicarboxypropyl)-L-lysine"
"R02317"," L-2-Aminoadipate 6-semialdehyde <=>  H2O +  (S)-2,3,4,5-Tetrahydropyridine-2-carboxylate"
"R02343"," H+ +  Diacetyl <=>  Acetoin"
"R02344"," H+ +  Acetoin <=>  (S,S)-Butane-2,3-diol"
"R02359"," CO2 +  Ammonia +  Ethanol <=>  H2O +  Urethane"
"R02376"," H2O +  Propanal <=>  Propane-1,2-diol"
"R02377"," H+ +  Propanal <=>  Propane-1-ol"
"R02401"," H+ +  Glutarate <=>  H2O +  5-Oxopentanoate"
"R02407"," Succinate +  Itaconyl-CoA <=>  Succinyl-CoA +  Itaconate"
"R02408"," Ammonia +  Pyruvate +  Thiocysteine <=>  H2O +  L-Cystine"
"R02410"," D-Fructose +  Melibiose <=>  H2O +  Raffinose"
"R02419"," H2O +  Maleic acid <=>  (R)-Malate"
"R02422"," Urea +  (-)-Ureidoglycolate <=>  H2O +  Allantoate"
"R02423"," CO2 +  Ammonia +  (S)-Ureidoglycine <=>  H2O +  Allantoate"
"R02425"," Allantoate <=>  H2O +  (S)-Allantoin"
"R02427"," D-Xylonate <=>  H2O +  D-Xylonolactone"
"R02428"," D-Xylonate <=>  H2O +  D-Xylono-1,4-lactone"
"R02429"," H2O +  2-Dehydro-3-deoxy-D-xylonate <=>  D-Xylonate"
"R02433"," L-Glutamate +  3-Sulfopyruvate <=>  2-Oxoglutarate +  L-Cysteate"
"R02434"," H2O +  3-Sulfino-L-alanine <=>  H+ +  L-Cysteate"
"R02437"," L-Rhamnulose <=>  L-Rhamnose"
"R02438"," L-Rhamnofuranose <=>  L-Rhamnose"
"R02441"," H+ +  L-Ribulose <=>  L-Arabitol"
"R02454"," H+ +  D-Fructuronate <=>  D-Mannonate"
"R02455"," H+ +  D-Mannuronate <=>  D-Mannonate"
"R02458"," Urea +  D-Ornithine <=>  H2O +  D-Arginine"
"R02461"," (2R,4S)-2,4-Diaminopentanoate <=>  D-Ornithine"
"R02462"," H+ +  Hexadecanal <=>  1-Hexadecanol"
"R02466"," CO2 +  Hypotaurine <=>  3-Sulfino-L-alanine"
"R02471"," H+ +  (R)-4-Dehydropantoate <=>  (R)-Pantoate"
"R02474"," beta-Alanine +  (R)-Pantoate <=>  H2O +  Pantothenate"
"R02487"," CO2 +  Crotonoyl-CoA <=>  Glutaryl-CoA"
"R02490"," H2O +  Itaconyl-CoA <=>  Citramalyl-CoA"
"R02491"," H2O +  Itaconyl-CoA <=>  (3S)-Citramalyl-CoA"
"R02492"," H2O +  Nitrous oxide <=>  H+ + 2 Nitric oxide"
"R02508"," L-Cysteine +  O-Succinyl-L-homoserine <=>  Succinate +  Cystathionine"
"R02522"," H2O +  2-Dehydro-3-deoxy-L-arabinonate <=>  L-Arabinonate"
"R02526"," L-Arabinonate <=>  H2O +  L-Arabinono-1,4-lactone"
"R02527"," H+ +  Methylglyoxal <=>  (R)-Lactaldehyde"
"R02530"," Glutathione +  Methylglyoxal <=>  (R)-S-Lactoylglutathione"
"R02531"," H+ +  Methylglyoxal <=>  Lactaldehyde"
"R02544"," H+ +  Dihydroxyfumarate <=>  meso-Tartaric acid"
"R02545"," H+ +  2-Hydroxy-3-oxosuccinate <=>  meso-Tartaric acid"
"R02546"," meso-Tartaric acid <=>  (R,R)-Tartaric acid"
"R02547"," meso-Tartaric acid <=>  H2O +  trans-2,3-Epoxysuccinate"
"R02549"," H+ +  4-Aminobutanoate <=>  H2O +  4-Aminobutyraldehyde"
"R02555"," H+ +  D-Tagaturonate <=>  D-Altronate"
"R02601"," 4-Hydroxy-2-oxopentanoate <=>  H2O +  2-Hydroxy-2,4-pentadienoate"
"R02602"," CO2 +  2-Hydroxy-2,4-pentadienoate <=>  gamma-Oxalocrotonate"
"R02603"," H2O +  2-Hydroxy-6-oxonona-2,4-diene-1,9-dioate <=>  Succinate +  2-Hydroxy-2,4-pentadienoate"
"R02604"," H2O +  2-Hydroxymuconate semialdehyde <=>  Formate +  2-Hydroxy-2,4-pentadienoate"
"R02618"," Ammonia +  H+ +  3-Sulfinylpyruvate <=>  H2O +  3-Sulfino-L-alanine"
"R02619"," L-Glutamate +  3-Sulfinylpyruvate <=>  2-Oxoglutarate +  3-Sulfino-L-alanine"
"R02637"," H+ +  (4R,5S)-4,5,6-Trihydroxy-2,3-dioxohexanoate <=>  3-Dehydro-L-gulonate"
"R02640"," H+ +  3-Dehydro-L-gulonate <=>  L-Gulonate"
"R02659"," H2O +  2-Dehydro-D-glucono-1,5-lactone <=>  2-Keto-D-gluconic acid"
"R02714"," D-Arabinonate <=>  H2O +  D-Arabinono-1,4-lactone"
"R02733"," Acetate +  LL-2,6-Diaminoheptanedioate <=>  H2O +  N6-Acetyl-LL-2,6-diaminoheptanedioate"
"R02734"," Succinate +  LL-2,6-Diaminoheptanedioate <=>  H2O +  N-Succinyl-LL-2,6-diaminoheptanedioate"
"R02735"," meso-2,6-Diaminoheptanedioate <=>  LL-2,6-Diaminoheptanedioate"
"R02752"," H2O +  5-Dehydro-4-deoxy-D-glucarate <=>  D-Glucarate"
"R02754"," Pyruvate +  2-Hydroxy-3-oxopropanoate <=>  5-Dehydro-4-deoxy-D-glucarate"
"R02762"," H+ +  2-Hydroxymuconate <=>  H2O +  2-Hydroxymuconate semialdehyde"
"R02763"," 3-Carboxy-2-hydroxymuconate semialdehyde <=>  CO2 +  2-Hydroxymuconate semialdehyde"
"R02764"," CoA +  Methylmalonate <=>  H2O +  (S)-Methylmalonyl-CoA"
"R02765"," (S)-Methylmalonyl-CoA <=>  (R)-Methylmalonyl-CoA"
"R02846"," Hydrogen sulfide +  3-Cyano-L-alanine <=>  Cyanide ion +  Cysteine"
"R02852"," 2,5-Diaminohexanoate <=>  D-Lysine"
"R02855"," H+ +  Diacetyl <=>  (R)-Acetoin"
"R02895"," Linatine <=>  L-Glutamine +  D-Proline"
"R02896"," H+ +  D-Sorbose <=>  D-Iditol"
"R02914"," H2O +  Urocanate <=>  4-Imidazolone-5-propanoate"
"R02925"," L-Sorbose <=>  D-Sorbitol"
"R02926"," D-Galactose +  D-Sorbitol <=>  H2O +  Melibiitol"
"R02928"," H+ +  D-Tagatose <=>  Galactitol"
"R02933"," L-Gulonate <=>  H2O +  L-Gulono-1,4-lactone"
"R02935"," H+ +  Oxalureate <=>  (-)-Ureidoglycolate"
"R02940"," H+ +  Propynoate <=>  H2O +  2-Propynal"
"R02946"," H+ +  (R)-Acetoin <=>  (R,R)-Butane-2,3-diol"
"R02948"," CO2 +  (R)-Acetoin <=>  (S)-2-Acetolactate"
"R02949"," (S)-Acetoin <=>  (R)-Acetoin"
"R02955"," Acetate +  (3S)-Citramalyl-CoA <=>  Acetyl-CoA +  Citramalate"
"R02957"," H+ +  D-Glucarate <=> 2 H2O +  D-Glucuronolactone"
"R02963"," H2O +  Propenoyl-CoA <=>  Lactoyl-CoA"
"R02988"," H+ +  2-Maleylacetate <=>  3-Oxoadipate"
"R02990"," Succinate +  3-Oxoadipyl-CoA <=>  Succinyl-CoA +  3-Oxoadipate"
"R02991"," 3-Oxoadipate <=>  H2O +  2-Oxo-2,3-dihydrofuran-5-acetate"
"R03012"," H+ +  L-Histidinal <=>  L-Histidinol"
"R03026"," H2O +  Crotonoyl-CoA <=>  (S)-3-Hydroxybutanoyl-CoA"
"R03027"," H2O +  Crotonoyl-CoA <=>  (R)-3-Hydroxybutanoyl-CoA"
"R03028"," CO2 +  Crotonoyl-CoA <=>  Glutaconyl-1-CoA"
"R03030"," Ammonia +  Crotonoyl-CoA <=>  L-3-Aminobutyryl-CoA"
"R03031"," Crotonoyl-CoA <=>  Vinylacetyl-CoA"
"R03032"," H2O +  2-Dehydro-3-deoxy-D-xylonate <=>  D-Arabinonate"
"R03033"," H2O +  2-Dehydro-3-deoxy-D-galactonate <=>  D-Galactonate"
"R03034"," D-Galactonate <=>  H2O +  D-Galactono-1,4-lactone"
"R03045"," H2O +  Propenoyl-CoA <=>  3-Hydroxypropionyl-CoA"
"R03046"," Ammonia +  Propenoyl-CoA <=>  beta-Alanyl-CoA"
"R03052"," 3-Hydroxy-3-methyl-2-oxobutanoic acid <=>  2-Acetolactate"
"R03069"," (2R,3S)-2,3-Dimethylmalate <=>  H2O +  2,3-Dimethylmaleate"
"R03070"," 2,3-Dimethylmaleate <=>  Methylitaconate"
"R03080"," H+ +  (R)-Lactaldehyde <=>  (R)-Propane-1,2-diol"
"R03081"," Pyruvate +  (R)-Lactaldehyde <=>  2-Dehydro-3-deoxy-D-fuconate"
"R03082"," H+ +  (R)-S-Lactoylglutathione <=>  Glutathione +  (R)-Lactaldehyde"
"R03102"," H+ +  L-2-Aminoadipate <=>  H2O +  L-2-Aminoadipate 6-semialdehyde"
"R03104"," H+ +  Mercaptopyruvate <=>  3-Mercaptolactate"
"R03105"," Pyruvate +  Thiosulfate <=>  Sulfite +  Mercaptopyruvate"
"R03106"," Pyruvate +  Thiocyanate <=>  Mercaptopyruvate +  Hydrogen cyanide"
"R03119"," H+ +  3-Hydroxypropanal <=>  Propane-1,3-diol"
"R03127"," CO2 +  2-Hydroxy-3-oxopropanoate <=>  Dihydroxyfumarate"
"R03128"," 2-Hydroxy-3-oxosuccinate <=>  Dihydroxyfumarate"
"R03131"," Acetate +  3-(Uracil-1-yl)-L-alanine <=>  Uracil +  O-Acetyl-L-serine"
"R03132"," Acetate +  S-Sulfo-L-cysteine <=>  Thiosulfate +  O-Acetyl-L-serine"
"R03153"," Acetate +  (3S)-Citramalyl-CoA <=>  Acetyl-CoA +  (S)-2-Methylmalate"
"R03154"," Succinate +  (3S)-Citramalyl-CoA <=>  Succinyl-CoA +  (S)-2-Methylmalate"
"R03158"," H2O +  3-Hydroxypropionyl-CoA <=>  CoA +  3-Hydroxypropanoate"
"R03163"," L-Fuculose <=>  6-Deoxy-L-galactose"
"R03165"," H2O +  Uroporphyrinogen III <=>  Hydroxymethylbilane"
"R03166"," H2O +  Uroporphyrinogen I <=>  Hydroxymethylbilane"
"R03177"," H+ +  4-Guanidinobutanoate <=>  H2O +  4-Guanidinobutanal"
"R03178"," CO2 +  4-Guanidinobutanal <=>  5-Guanidino-2-oxopentanoate"
"R03180"," Ammonia +  4-Guanidinobutanoate <=>  H2O +  4-Guanidinobutanamide"
"R03181"," 4-Fumarylacetoacetate <=>  4-Maleylacetoacetate"
"R03186"," Ascorbate +  Dehydroascorbate <=> 2 Monodehydroascorbate"
"R03188"," Ammonia +  N-Formyl-L-aspartate <=>  H2O +  N-Formimino-L-aspartate"
"R03197","4 CO2 +  Coproporphyrinogen III <=>  Uroporphyrinogen III"
"R03198"," H+ +  (R)-3,3-Dimethylmalate <=>  H2O +  (R)-4-Dehydropantoate"
"R03210"," CoA +  CO2 +  8-Amino-7-oxononanoate <=>  L-Alanine +  6-Carboxyhexanoyl-CoA"
"R03217"," Acetate +  L-Cystathionine <=>  L-Cysteine +  O-Acetyl-L-homoserine"
"R03248"," L-Glutamate +  5-Amino-2-oxopentanoic acid <=>  2-Oxoglutarate +  Ornithine"
"R03249"," H2O +  1-Pyrroline-2-carboxylate <=>  5-Amino-2-oxopentanoic acid"
"R03250"," H2O +  5-Guanidino-2-oxopentanoate <=>  Urea +  5-Amino-2-oxopentanoic acid"
"R03260"," Succinate +  L-Cystathionine <=>  L-Cysteine +  O-Succinyl-L-homoserine"
"R03266"," L-Glutamate +  4-Hydroxy-2-oxoglutarate <=>  2-Oxoglutarate +  4-Hydroxy-L-glutamate"
"R03275"," (3S,5S)-3,5-Diaminohexanoate <=>  (3S)-3,6-Diaminohexanoate"
"R03276"," (R)-3-Hydroxybutanoyl-CoA <=>  (S)-3-Hydroxybutanoyl-CoA"
"R03277"," 2-Dehydro-3-deoxy-D-glucarate <=>  Pyruvate +  2-Hydroxy-3-oxopropanoate"
"R03290"," H+ +  4-Oxoproline <=>  Hydroxyproline"
"R03291"," H+ +  L-1-Pyrroline-3-hydroxy-5-carboxylate <=>  Hydroxyproline"
"R03295"," L-1-Pyrroline-3-hydroxy-5-carboxylate <=>  Hydroxyproline"
"R03296"," cis-4-Hydroxy-D-proline <=>  Hydroxyproline"
"R03307"," 3-Carboxy-cis,cis-muconate <=>  2-Carboxy-2,5-dihydro-5-oxofuran-2-acetate"
"R03308"," 3-Carboxy-cis,cis-muconate <=>  3-Carboxy-2,5-dihydro-5-oxofuran-2-acetate"
"R03314"," H2O +  (S)-1-Pyrroline-5-carboxylate <=>  L-Glutamate 5-semialdehyde"
"R03349"," Ammonia +  H+ +  (S)-5-Amino-3-oxohexanoic acid <=>  H2O +  (3S,5S)-3,5-Diaminohexanoate"
"R03352"," CoA +  3-Hydroxy-2-methylpropanoate <=>  H2O +  3-Hydroxy-2-methylpropanoyl-CoA"
"R03381"," H+ +  (R)-Methylmalonyl-CoA <=>  CoA +  (S)-Methylmalonate semialdehyde"
"R03444"," H2O +  (Z)-But-1-ene-1,2,4-tricarboxylate <=>  (R)-2-Hydroxybutane-1,2,4-tricarboxylate"
"R03470"," CO2 +  2-Oxo-2,3-dihydrofuran-5-acetate <=>  2-Carboxy-2,5-dihydro-5-oxofuran-2-acetate"
"R03493"," H2O +  3-(4-Methylpent-3-en-1-yl)pent-2-enedioyl-CoA <=>  3-Hydroxy-3-(4-methylpent-3-en-1-yl)glutaryl-CoA"
"R03524"," Hydrogen sulfide +  3-Cyano-L-alanine <=>  L-Cysteine +  Hydrogen cyanide"
"R03534"," 2-Oxoglutarate <=>  2-Hydroxyglutarate"
"R03540"," H2O +  Maleamate <=>  Ammonia +  Maleic acid"
"R03542"," Ammonia +  Alanine <=> 2 H2O +  alpha-Aminopropiononitrile"
"R03544"," 1-Butanol <=>  H+ +  Butanal"
"R03546"," CO2 +  Carbamate <=>  H+ +  HCO3- +  Cyanate"
"R03616"," Glycerol +  Galactose <=>  H2O +  3-beta-D-Galactosyl-sn-glycerol"
"R03634"," D-Galactose +  Raffinose <=>  H2O +  Stachyose"
"R03635"," D-Fructose +  D-Gal alpha 1->6D-Gal alpha 1->6D-Glucose <=>  H2O +  Stachyose"
"R03671"," H2O +  2-Dehydro-3-deoxy-D-fuconate <=>  D-Fuconate"
"R03688"," H2O +  2-Dehydro-3-deoxy-L-fuconate <=>  L-Fuconate"
"R03693"," H2O +  Mesaconate <=>  (S)-2-Methylmalate"
"R03694"," L-threo-3-Methylmalate <=>  H2O +  Mesaconate"
"R03695"," H2O +  2-Methylfumaryl-CoA <=>  CoA +  Mesaconate"
"R03696"," Ammonia +  Mesaconate <=>  L-threo-3-Methylaspartate"
"R03702"," Triacetate <=>  H2O +  Triacetate lactone"
"R03707"," H+ +  (S)-Acetoin <=>  (S,S)-Butane-2,3-diol"
"R03735"," H2O +  Oxaloacetate +  Lauroyl-CoA <=>  CoA +  (2S,3S)-2-Hydroxytridecane-1,2,3-tricarboxylate"
"R03758"," L-2-Amino-3-oxobutanoic acid <=>  CO2 +  Aminoacetone"
"R03759"," H+ +  Aminoacetone <=>  (R)-1-Aminopropan-2-ol"
"R03772"," L-Rhamnonate <=>  H2O +  L-Rhamnono-1,4-lactone"
"R03774"," H2O +  2-Dehydro-3-deoxy-L-rhamnonate <=>  L-Rhamnonate"
"R03777"," trans-Oct-2-enoyl-CoA <=>  Octanoyl-CoA"
"R03778"," CoA +  3-Oxodecanoyl-CoA <=>  Acetyl-CoA +  Octanoyl-CoA"
"R03801"," D-Glucose +  Cellotriose <=>  H2O +  Cellotetraose"
"R03802"," D-Glucose +  Cellotetraose <=>  H2O +  Cellopentaose"
"R03857"," 2-trans-Dodecenoyl-CoA <=>  Lauroyl-CoA"
"R03858"," CoA +  3-Oxotetradecanoyl-CoA <=>  Acetyl-CoA +  Lauroyl-CoA"
"R03859"," H2O +  2-Oxoglutarate +  Lauroyl-CoA <=>  CoA +  (3S,4S)-3-Hydroxytetradecane-1,3,4-tricarboxylate"
"R03868"," 3-Fumarylpyruvate <=>  Maleylpyruvate"
"R03869"," H+ +  Methylmalonate <=>  H2O +  (S)-Methylmalonate semialdehyde"
"R03870"," Urea +  Methylmalonate <=> 2 H2O +  5-Methylbarbiturate"
"R03884"," Acetate +  Glutaconyl-1-CoA <=>  Acetyl-CoA +  (E)-Glutaconate"
"R03887"," Ammonia +  gamma-Oxalocrotonate <=>  H2O +  2-Aminomuconate"
"R03889"," H+ +  2-Aminomuconate <=>  H2O +  2-Aminomuconate semialdehyde"
"R03892"," 3-Hydroxy-cis,cis-muconate <=>  2-Maleylacetate"
"R03893"," 2-Maleylacetate <=>  H2O +  cis-4-Carboxymethylenebut-2-en-4-olide"
"R03896"," H2O +  2-Methylmaleate <=>  (R)-2-Methylmalate"
"R03897"," D-threo-3-Methylmalate <=>  H2O +  2-Methylmaleate"
"R03898"," D-erythro-3-Methylmalate <=>  H2O +  2-Methylmaleate"
"R03908"," Methylitaconate <=>  2-Methyleneglutarate"
"R03925"," (R)(-)-Allantoin <=>  (S)-Allantoin"
"R03937"," 2-Hydroxyglutaryl-CoA <=>  H2O +  Glutaconyl-1-CoA"
"R03942"," H+ +  L-Rhamnono-1,4-lactone <=>  L-Rhamnofuranose"
"R03959"," cis,cis-Muconate <=>  2,5-Dihydro-5-oxofuran-2-acetate"
"R03966"," gamma-Oxalocrotonate <=>  2-Hydroxymuconate"
"R03968"," H2O +  2-Isopropylmaleate <=>  alpha-Isopropylmalate"
"R03970"," H2O +  gamma-Glutamyl-beta-cyanoalanine <=>  L-Glutamate +  3-Cyano-L-alanine"
"R03971"," H2O +  gamma-Glutamyl-beta-aminopropiononitrile <=>  L-Glutamate +  3-Aminopropiononitrile"
"R03990"," trans-Tetradec-2-enoyl-CoA <=>  Tetradecanoyl-CoA"
"R03991"," CoA +  3-Oxopalmitoyl-CoA <=>  Acetyl-CoA +  Tetradecanoyl-CoA"
"R03995"," H2O +  Parapyruvate <=>  CO2 +  (R)-2-Methylmalate"
"R04000"," Acetate +  2-Hydroxyglutaryl-CoA <=>  Acetyl-CoA +  2-Hydroxyglutarate"
"R04001"," H2O +  2-Isopropylmaleate <=>  (2R,3S)-3-Isopropylmalate"
"R04029"," L-Glutamate +  6-Acetamido-2-oxohexanoate <=>  2-Oxoglutarate +  N6-Acetyl-L-lysine"
"R04065"," H+ +  Imidazole-4-acetate <=>  H2O +  Imidazole-4-acetaldehyde"
"R04092"," 3-Ketosphingosine <=>  3-Dehydrosphinganine"
"R04095"," 3-Methylcrotonyl-CoA <=>  3-Methylbutanoyl-CoA"
"R04100"," 2-trans-Dodecenoyl-CoA <=>  3-cis-Dodecenoyl-CoA"
"R04131"," 4-Hydroxy-2-oxo-heptanedioate <=>  H2O +  2-Oxohept-3-enedioate"
"R04132"," 2,4-Dihydroxyhept-2-enedioate <=>  H2O +  2-Oxohept-3-enedioate"
"R04133"," CO2 +  2-Oxohept-3-enedioate <=>  5-Carboxy-2-oxohept-3-enedioate"
"R04134"," 2-Hydroxyhepta-2,4-dienedioate <=>  2-Oxohept-3-enedioate"
"R04137"," H2O +  3-Methylcrotonyl-CoA <=>  3-Hydroxyisovaleryl-CoA"
"R04142"," H2O +  6-Acetamido-2-oxohexanoate <=>  CO2 +  H+ +  5-Acetamidopentanoate"
"R04170"," H2O +  2-trans-Dodecenoyl-CoA <=>  (S)-3-Hydroxydodecanoyl-CoA"
"R04174"," Acetate +  6-Amino-2-oxohexanoate <=>  H2O +  6-Acetamido-2-oxohexanoate"
"R04175"," H2O +  delta1-Piperideine-2-carboxylate <=>  6-Amino-2-oxohexanoate"
"R04177"," H2O +  Acetylenedicarboxylate <=>  2-Hydroxyethylenedicarboxylate"
"R04185"," H+ +  Imidazol-5-yl-pyruvate <=>  (S)-3-(Imidazol-5-yl)lactate"
"R04187"," Pyruvate +  L-3-Amino-isobutanoate <=>  L-Alanine +  (S)-Methylmalonate semialdehyde"
"R04188"," L-Glutamate +  (S)-Methylmalonate semialdehyde <=>  2-Oxoglutarate +  L-3-Amino-isobutanoate"
"R04189"," CO2 + 2 Ammonia +  N2-Succinyl-L-ornithine <=> 2 H2O +  N2-Succinyl-L-arginine"
"R04198"," H+ +  (2S,4S)-4-Hydroxy-2,3,4,5-tetrahydrodipicolinate <=>  H2O +  2,3,4,5-Tetrahydrodipicolinate"
"R04200"," Ammonia +  H+ +  2-Amino-4-oxopentanoic acid <=>  H2O +  (2R,4S)-2,4-Diaminopentanoate"
"R04203"," H+ +  2-Methylacetoacetyl-CoA <=>  (2S,3S)-3-Hydroxy-2-methylbutanoyl-CoA"
"R04204"," H2O +  2-Methylbut-2-enoyl-CoA <=>  (2S,3S)-3-Hydroxy-2-methylbutanoyl-CoA"
"R04214"," H2O +  4-Imidazolone-5-acetate <=>  N-Formimino-L-aspartate"
"R04217"," L-Glutamate +  N-Succinyl-L-glutamate 5-semialdehyde <=>  2-Oxoglutarate +  N2-Succinyl-L-ornithine"
"R04223"," CO2 +  4-Hydroxy-2-oxopentanoate <=>  H2O +  gamma-Oxalocrotonate"
"R04224"," (S)-3-Hydroxyisobutyryl-CoA <=>  H2O +  2-Methylprop-2-enoyl-CoA"
"R04260"," 2-Oxo-2,3-dihydrofuran-5-acetate <=>  2,5-Dihydro-5-oxofuran-2-acetate"
"R04269"," L-Glutamate +  Methyloxaloacetate <=>  2-Oxoglutarate +  L-threo-3-Methylaspartate"
"R04277"," (1E)-4-Oxobut-1-ene-1,2,4-tricarboxylate <=>  H2O +  2-Pyrone-4,6-dicarboxylate"
"R04278"," H+ +  2-Pyrone-4,6-dicarboxylate <=>  2-Hydroxy-2-hydropyrone-4,6-dicarboxylate"
"R04282"," Formylisoglutamine <=>  H2O +  4-Imidazolone-5-propanoate"
"R04293"," 2-Amino-3-carboxymuconate semialdehyde <=>  H2O +  Quinolinate"
"R04323"," CO2 +  2-Aminomuconate semialdehyde <=>  2-Amino-3-carboxymuconate semialdehyde"
"R04336"," H2O +  2,3,4,5-Tetrahydrodipicolinate <=>  L-2-Amino-6-oxoheptanedioate"
"R04364"," CoA +  N-Acetyl-L-2-amino-6-oxopimelate <=>  H2O +  Acetyl-CoA +  2,3,4,5-Tetrahydrodipicolinate"
"R04365"," CoA +  N-Succinyl-2-L-amino-6-oxoheptanedioate <=>  H2O +  Succinyl-CoA +  2,3,4,5-Tetrahydrodipicolinate"
"R04371"," H2O +  (Z)-But-1-ene-1,2,4-tricarboxylate <=>  Homoisocitrate"
"R04374"," H2O +  1-Pyrroline-2-carboxylate <=>  trans-3-Hydroxy-L-proline"
"R04375"," 5-Hydroxy-2,4-dioxopentanoate <=>  2-Dehydro-3-deoxy-D-xylonate"
"R04379"," 5-Carboxy-2-oxohept-3-enedioate <=>  5-Carboxymethyl-2-hydroxymuconate"
"R04380"," CO2 +  2-Hydroxyhepta-2,4-dienedioate <=>  5-Carboxy-2-oxohept-3-enedioate"
"R04382","2 5-Dehydro-4-deoxy-D-glucuronate <=>  4-(4-Deoxy-alpha-D-gluc-4-enuronosyl)-D-galacturonate"
"R04383"," (4S)-4,6-Dihydroxy-2,5-dioxohexanoate <=>  5-Dehydro-4-deoxy-D-glucuronate"
"R04399"," H2O +  (1E,3E)-4-Hydroxybuta-1,3-diene-1,2,4-tricarboxylate <=>  4-Carboxy-4-hydroxy-2-oxoadipate"
"R04418"," H+ +  5-Carboxymethyl-2-hydroxymuconate <=>  H2O +  2-Hydroxy-5-carboxymethylmuconate semialdehyde"
"R04424"," H2O +  (Z)-But-2-ene-1,2,3-tricarboxylate <=>  2-Methylcitrate"
"R04425"," H2O +  (Z)-But-2-ene-1,2,3-tricarboxylate <=>  (2S,3R)-3-Hydroxybutane-1,2,3-tricarboxylate"
"R04426"," H+ +  (2S)-2-Isopropyl-3-oxosuccinate <=>  (2R,3S)-3-Isopropylmalate"
"R04441"," H2O +  3-Methyl-2-oxobutanoic acid <=>  (R)-2,3-Dihydroxy-3-methylbutanoate"
"R04443"," L-4-Hydroxyglutamate semialdehyde <=>  H2O +  L-1-Pyrroline-3-hydroxy-5-carboxylate"
"R04444"," H+ +  L-erythro-4-Hydroxyglutamate <=> 2 H2O +  L-1-Pyrroline-3-hydroxy-5-carboxylate"
"R04446"," 2-Oxo-4-hydroxy-5-aminovalerate <=>  H2O +  1-Pyrroline-4-hydroxy-2-carboxylate"
"R04447"," H2O +  Pyrrole-2-carboxylate <=>  1-Pyrroline-4-hydroxy-2-carboxylate"
"R04467"," L-Glutamate +  N-Acetyl-L-2-amino-6-oxopimelate <=>  2-Oxoglutarate +  N6-Acetyl-LL-2,6-diaminoheptanedioate"
"R04475"," L-Glutamate +  N-Succinyl-2-L-amino-6-oxoheptanedioate <=>  2-Oxoglutarate +  N-Succinyl-LL-2,6-diaminoheptanedioate"
"R04478"," H2O +  (1E)-4-Oxobut-1-ene-1,2,4-tricarboxylate <=>  4-Carboxy-4-hydroxy-2-oxoadipate"
"R04482"," (1E,3E)-4-Hydroxybuta-1,3-diene-1,2,4-tricarboxylate <=>  4-Carboxy-2-oxo-3-hexenedioate"
"R04488"," Formate +  4-Methylene-2-oxoglutarate <=>  H2O +  4-Carboxy-2-hydroxymuconate semialdehyde"
"R04489"," 4-Carboxy-2-hydroxymuconate semialdehyde <=>  2-Hydroxy-2-hydropyrone-4,6-dicarboxylate"
"R04515"," CO2 +  L-Xylonate <=>  H2O +  (4R,5S)-4,5,6-Trihydroxy-2,3-dioxohexanoate"
"R04687"," Ammonia +  H+ +  2-Amino-5-oxohexanoate <=>  H2O +  2,5-Diaminohexanoate"
"R04736"," D-2-Aminohexano-6-lactam <=>  L-Lysine 1,6-lactam"
"R04737"," H+ +  3-Oxopalmitoyl-CoA <=>  (S)-3-Hydroxyhexadecanoyl-CoA"
"R04738"," H2O +  trans-Hexadec-2-enoyl-CoA <=>  (S)-3-Hydroxyhexadecanoyl-CoA"
"R04739"," 3-Oxotetradecanoyl-CoA <=>  (S)-3-Hydroxytetradecanoyl-CoA"
"R04740"," H2O +  trans-Tetradec-2-enoyl-CoA <=>  (S)-3-Hydroxytetradecanoyl-CoA"
"R04741"," H+ +  3-Oxododecanoyl-CoA <=>  (S)-3-Hydroxydodecanoyl-CoA"
"R04742"," CoA +  3-Oxododecanoyl-CoA <=>  Acetyl-CoA +  Decanoyl-CoA"
"R04743"," H+ +  3-Oxodecanoyl-CoA <=>  (S)-Hydroxydecanoyl-CoA"
"R04744"," H2O +  trans-Dec-2-enoyl-CoA <=>  (S)-Hydroxydecanoyl-CoA"
"R04745"," H+ +  3-Oxooctanoyl-CoA <=>  (S)-3-Hydroxyoctanoyl-CoA"
"R04746"," H2O +  trans-Oct-2-enoyl-CoA <=>  (S)-3-Hydroxyoctanoyl-CoA"
"R04747"," CoA +  3-Oxooctanoyl-CoA <=>  Acetyl-CoA +  Hexanoyl-CoA"
"R04748"," H+ +  3-Oxohexanoyl-CoA <=>  (S)-Hydroxyhexanoyl-CoA"
"R04749"," H2O +  trans-Hex-2-enoyl-CoA <=>  (S)-Hydroxyhexanoyl-CoA"
"R04751"," trans-Hex-2-enoyl-CoA <=>  Hexanoyl-CoA"
"R04754"," trans-Dec-2-enoyl-CoA <=>  Decanoyl-CoA"
"R04781"," H2O +  4-Carboxy-2-oxo-3-hexenedioate <=>  4-Carboxy-4-hydroxy-2-oxoadipate"
"R04784"," CO2 +  L-Lyxonate <=>  H2O +  (4R,5S)-4,5,6-Trihydroxy-2,3-dioxohexanoate"
"R04785"," (4R,5S)-4,5,6-Trihydroxy-2,3-dioxohexanoate <=>  H2O +  Dehydroascorbate"
"R04861"," Pyruvate +  Sulfite <=>  H2O +  3-Sulfinylpyruvate"
"R04862"," H+ +  Oxaloglutarate <=>  Homoisocitrate"
"R04874"," CO2 +  Imidazole-4-acetaldehyde <=>  Imidazol-5-yl-pyruvate"
"R04875"," N-Carbamyl-L-glutamate <=>  H2O +  Hydantoin-5-propionate"
"R04876"," Imidazole lactate <=>  H+ +  Imidazol-5-yl-pyruvate"
"R04895"," 4-Hydroxy-2-oxo-heptanedioate <=>  H2O +  2-Hydroxyhepta-2,4-dienedioate"
"R04972","4 CO2 +  Coproporphyrinogen I <=>  Uroporphyrinogen I"
"R05049"," H+ +  N-Succinyl-L-glutamate <=>  H2O +  N-Succinyl-L-glutamate 5-semialdehyde"
"R05050"," H+ +  4-Acetamidobutanoate <=>  H2O +  N4-Acetylaminobutanal"
"R05051"," H2O +  L-4-Hydroxyglutamate semialdehyde <=>  H+ +  L-erythro-4-Hydroxyglutamate"
"R05052"," L-Glutamate +  (4R)-4-Hydroxy-2-oxoglutarate <=>  2-Oxoglutarate +  L-erythro-4-Hydroxyglutamate"
"R05053"," Oxaloacetate +  L-erythro-4-Hydroxyglutamate <=>  D-Aspartate +  (4R)-4-Hydroxy-2-oxoglutarate"
"R05064"," CoA +  (S)-3-Hydroxyisobutyrate <=>  H2O +  (S)-3-Hydroxyisobutyryl-CoA"
"R05066"," H+ +  (S)-Methylmalonate semialdehyde <=>  (S)-3-Hydroxyisobutyrate"
"R05069"," (R)-3-Hydroxy-3-methyl-2-oxopentanoate <=>  (S)-2-Aceto-2-hydroxybutanoate"
"R05071"," 3-Hydroxy-3-methyl-2-oxobutanoic acid <=>  (S)-2-Acetolactate"
"R05076"," H2O +  2-Methylfumaryl-CoA <=>  L-erythro-3-Methylmalyl-CoA"
"R05077"," H2O +  4-Hydroxy-4-methylglutamate <=>  Ammonia +  Parapyruvate"
"R05078"," H2O +  4-Methylene-2-oxoglutarate <=>  Parapyruvate"
"R05079"," H2O +  4-Methyl-L-glutamate <=>  Ammonia +  4-Methylene-2-oxoglutarate"
"R05119"," H+ +  3-Butynoate <=>  H2O +  3-Butyn-1-al"
"R05138"," H2O +  2-Hydroxy-6-keto-2,4-heptadienoate <=>  Acetate +  2-Hydroxy-2,4-pentadienoate"
"R05141"," D-Glucose +  Cellohexaose <=>  H2O +  Celloheptaose"
"R05142"," D-Glucose +  Cellopentaose <=>  H2O +  Cellohexaose"
"R05236"," H+ +  2-Maleylacetate <=>  H2O +  cis,cis-4-Hydroxymuconic semialdehyde"
"R05296"," Formate +  (4E)-2-Oxohexenoic acid <=>  H2O +  2-Hydroxy-5-methyl-cis,cis-muconic semialdehyde"
"R05297"," 4-Hydroxy-2-oxohexanoic acid <=>  H2O +  (4E)-2-Oxohexenoic acid"
"R05298"," 4-Hydroxy-2-oxohexanoic acid <=>  Pyruvate +  Propanal"
"R05305"," H+ +  3-Oxopimeloyl-CoA <=>  3-Hydroxypimeloyl-CoA"
"R05311"," H+ +  6-Carboxyhex-2-enoyl-CoA <=>  6-Carboxyhexanoyl-CoA"
"R05331","4 CoA + 3 CO2 +  Phlorisovalerophenone <=> 3 Malonyl-CoA +  3-Methylbutanoyl-CoA"
"R05336"," Acetate +  4-Hydroxybutyryl-CoA <=>  Acetyl-CoA +  4-Hydroxybutanoic acid"
"R05337"," H2O +  Vinylacetyl-CoA <=>  4-Hydroxybutyryl-CoA"
"R05351"," Acetyl-CoA +  H+ <=>  CoA +  Ethylene oxide"
"R05353"," H+ +  2-Hydroxy-5-methyl-cis,cis-muconate <=>  H2O +  2-Hydroxy-5-methyl-cis,cis-muconic semialdehyde"
"R05358"," Ammonia +  Acrylic acid <=> 2 H2O +  Acrylonitrile"
"R05362"," Acrylic acid +  2-Hydroxy-2,4-pentadienoate <=>  H2O +  2-Hydroxy-6-oxoocta-2,4,7-trienoate"
"R05366"," Propanoate +  2-Hydroxy-2,4-pentadienoate <=>  H2O +  2-Hydroxy-6-oxo-octa-2,4-dienoate"
"R05373"," CO2 +  Propanoyl-CoA <=>  Methylmalonyl-CoA"
"R05374"," CO2 +  2-Hydroxy-cis-hex-2,4-dienoate <=>  2-Oxo-5-methyl-cis-muconate"
"R05379"," H2O +  Acrylonitrile <=>  Acrylamide"
"R05380"," H2O +  Acetylene <=>  Acetaldehyde"
"R05381"," Diethanolamine <=>  Acetaldehyde +  Ethanolamine"
"R05382"," Acetaldehyde +  Diethanolamine <=>  Triethanolamine"
"R05389"," 2-Oxo-5-methyl-cis-muconate <=>  2-Hydroxy-5-methyl-cis,cis-muconate"
"R05394"," 4-Sulfolactone <=>  3-Sulfomuconate"
"R05420"," H+ +  2-Maleylacetate +  HSO3- <=>  H2O +  4-Sulfolactone"
"R05508"," Acetyl-CoA +  (S)-Lactate <=>  Acetate +  Lactoyl-CoA"
"R05509"," Acetate +  Propenoyl-CoA <=>  Acetyl-CoA +  Acrylic acid"
"R05549"," D-Galactose +  Melibiose <=>  H2O +  D-Gal alpha 1->6D-Gal alpha 1->6D-Glucose"
"R05551"," H2O +  Acrylamide <=>  Ammonia +  Acrylic acid"
"R05554"," Ammonia +  (-)-Ureidoglycolate <=>  H2O +  (S)-Ureidoglycine"
"R05561"," Carbonic acid +  Biuret <=> 2 H2O +  Cyanuric acid"
"R05562"," CO2 +  Ammonia +  Urea <=>  H2O +  Biuret"
"R05563"," Ammonia +  Urea-1-carboxylate <=>  H2O +  Biuret"
"R05581"," H+ +  6-Oxocyclohex-1-ene-1-carbonyl-CoA <=>  6-Hydroxycyclohex-1-ene-1-carbonyl-CoA"
"R05582"," H+ +  2-Ketocyclohexane-1-carboxyl-CoA <=>  2-Hydroxycyclohexane-1-carboxyl-CoA"
"R05586"," Acetyl-CoA +  Glutaryl-CoA <=>  CoA +  3-Oxopimeloyl-CoA"
"R05592"," 6-Carboxyhexanoyl-CoA <=>  H2O +  2-Ketocyclohexane-1-carboxyl-CoA"
"R05593"," 3-Hydroxypimeloyl-CoA <=>  H2O +  2-Hydroxy-6-oxocyclohexane-1-carbonyl-CoA"
"R05594"," 3-Hydroxypimeloyl-CoA <=> 2 H2O +  6-Oxocyclohex-1-ene-1-carbonyl-CoA"
"R05595"," 3-Hydroxybutanoyl-CoA <=>  H2O +  Crotonoyl-CoA"
"R05597"," 6-Hydroxycyclohex-1-ene-1-carbonyl-CoA <=>  H2O +  Cyclohexa-1,5-diene-1-carbonyl-CoA"
"R05600"," 2-Hydroxycyclohexane-1-carboxyl-CoA <=>  H2O +  Cyclohex-1-ene-1-carboxyl-CoA"
"R05601"," 3-Hydroxypimeloyl-CoA <=>  H2O +  6-Carboxyhex-2-enoyl-CoA"
"R05602"," 2,6-Dihydroxycyclohexane-1-carboxyl-CoA <=>  H2O +  6-Hydroxycyclohex-1-ene-1-carbonyl-CoA"
"R05604"," H+ +  D-Xylulose <=>  D-Arabitol"
"R05606"," H2O +  2-Dehydro-3-deoxy-D-gluconate <=>  D-Mannonate"
"R05608"," H2O +  5-Dehydro-4-deoxy-D-glucarate <=>  D-Galactarate"
"R05609"," Cyclohex-2,5-diene-1-carboxyl-CoA <=>  Cyclohexa-1,5-diene-1-carbonyl-CoA"
"R05610"," Cyclohex-1,4-diene-1-carboxyl-CoA <=>  Cyclohexa-1,5-diene-1-carbonyl-CoA"
"R05652"," L-Alanine +  Sulfoacetaldehyde <=>  Pyruvate +  Taurine"
"R05683"," H+ +  5-Dehydro-D-gluconate <=>  L-Idonate"
"R05693"," H+ +  3-Sulfopyruvate <=>  (S)-3-Sulfolactate"
"R05758"," Ammonia +  Oxaloacetate <=>  threo-3-Hydroxy-L-aspartate"
"R05774"," CO2 +  Sulfoacetaldehyde <=>  3-Sulfopyruvate"
"R05780"," Ammonia +  HO- +  Carbonyl sulfide <=> 2 H2O +  Thiocyanate"
"R05781"," Maleamate <=>  H2O +  Maleimide"
"R05831"," H+ +  L-Xylulose <=>  Xylitol"
"R05842"," Ethylene glycol <=>  H2O +  Ethylene oxide"
"R05864"," 4-Hydroxy-2-oxohexanoic acid <=>  H2O +  2-Hydroxy-cis-hex-2,4-dienoate"
"R05865"," Formate +  2-Hydroxy-cis-hex-2,4-dienoate <=>  H2O +  2-Hydroxy-5-methyl-cis,cis-muconic semialdehyde"
"R06063"," CO2 +  (R)(-)-Allantoin <=>  H2O +  H+ +  5-Hydroxyisourate"
"R06064"," CO2 +  (S)-Allantoin <=>  H2O +  H+ +  5-Hydroxyisourate"
"R06171"," Glycine +  Acetaldehyde <=>  L-Allothreonine"
"R06180"," H+ +  2-Hydroxy-3-oxosuccinate <=>  (R,R)-Tartaric acid"
"R06510","3 CoA + 2 CO2 +  Triacetate lactone <=>  Acetyl-CoA + 2 Malonyl-CoA"
"R06601"," 5-Hydroxy-2-oxo-4-ureido-2,5-dihydro-1H-imidazole-5-carboxylate <=>  H2O +  5-Hydroxyisourate"
"R06604"," CO2 +  (S)-Allantoin <=>  5-Hydroxy-2-oxo-4-ureido-2,5-dihydro-1H-imidazole-5-carboxylate"
"R06605"," CO2 +  (R)(-)-Allantoin <=>  H+ +  5-Hydroxy-2-oxo-4-ureido-2,5-dihydro-1H-imidazole-5-carboxylate"
"R06614"," CO2 +  3-Aminopropiononitrile <=>  3-Cyano-L-alanine"
"R06625"," H2O + 3 CoA + 4 CO2 +  3,5-Dihydroxyphenylacetyl-CoA <=> 4 Malonyl-CoA"
"R06789"," Fumarate +  2-Hydroxy-2,4-pentadienoate <=>  H2O +  2-Hydroxy-6-ketononatrienedioate"
"R06838"," 2-Maleylacetate <=>  H2O +  trans-4-Carboxymethylenebut-2-en-4-olide"
"R06897"," 2,4-Dihydroxyhept-2-enedioate <=>  H2O +  2-Hydroxyhepta-2,4-dienedioate"
"R06941"," H+ +  3-Oxoadipyl-CoA <=>  (3S)-3-Hydroxyadipyl-CoA"
"R06942"," (3S)-3-Hydroxyadipyl-CoA <=>  H2O +  5-Carboxy-2-pentenoyl-CoA"
"R06943"," 5-Carboxy-2-pentenoyl-CoA <=>  Adipyl-CoA"
"R06967"," Ammonia +  Cyanuric acid <=>  H2O +  Ammelide"
"R06968"," Ammonia +  Ammeline <=>  H2O +  Melamine"
"R06969"," Ammonia +  Ammelide <=>  H2O +  Ammeline"
"R06973"," CO2 +  Acetaldehyde <=>  3-Oxopropanoate"
"R06977"," 2-Oxoglutarate +  L-2,4-Diaminobutanoate <=>  L-Glutamate +  L-Aspartate 4-semialdehyde"
"R06978"," CoA +  N(gamma)-Acetyldiaminobutyrate <=>  Acetyl-CoA +  L-2,4-Diaminobutanoate"
"R06979"," H2O +  Ectoine <=>  N(gamma)-Acetyldiaminobutyrate"
"R06980"," H+ +  Sulfoacetate <=>  H2O +  Sulfoacetaldehyde"
"R06982"," S-(Hydroxymethyl)glutathione <=>  Glutathione +  Formaldehyde"
"R06983"," H+ +  S-Formylglutathione <=>  S-(Hydroxymethyl)glutathione"
"R06987"," Formate +  Propanoyl-CoA <=>  CoA +  2-Oxobutanoate"
"R06989"," (S)-5-Oxo-2,5-dihydrofuran-2-acetate <=>  cis,cis-Muconate"
"R06990"," 2-Oxo-2,3-dihydrofuran-5-acetate <=>  (S)-5-Oxo-2,5-dihydrofuran-2-acetate"
"R07134"," H+ +  D-Ribulose <=>  D-Arabitol"
"R07135"," H+ +  D-Mannose <=>  Mannitol"
"R07136"," H+ +  3-Sulfopyruvate <=>  (2R)-3-Sulfolactate"
"R07145"," H+ +  L-Sorbose <=>  L-Iditol"
"R07164"," Ammonia +  Oxaloacetate +  H+ <=>  H2O +  L-Aspartate"
"R07290"," Formate +  Oxalyl-CoA <=>  Oxalate +  Formyl-CoA"
"R07300"," Acetate +  Spermidine <=>  H2O +  N8-Acetylspermidine"
"R07305"," CO2 +  Biuret <=>  H2O +  Cyanuric acid"
"R07316"," CO2 +  Ammonia <=>  Carbamate"
"R07399"," CoA +  (R)-2-Methylmalate <=>  H2O +  Pyruvate +  Acetyl-CoA"
"R07408"," H2O +  1-Pyrroline <=>  4-Aminobutyraldehyde"
"R07410"," H+ +  Iminoaspartate <=>  L-Aspartate"
"R07413","2 D-Galacturonate <=>  H2O +  Digalacturonate"
"R07417"," H+ +  4-(L-gamma-Glutamylamino)butanoate <=>  H2O +  gamma-Glutamyl-gamma-aminobutyraldehyde"
"R07419"," L-Glutamate +  4-Aminobutanoate <=>  H2O +  4-(L-gamma-Glutamylamino)butanoate"
"R07477"," H+ +  Dehydrospermidine <=>  Spermidine"
"R07613"," H2O +  L-Glutamate +  2,3,4,5-Tetrahydrodipicolinate <=>  2-Oxoglutarate +  LL-2,6-Diaminoheptanedioate"
"R07629"," Urea +  Malonate <=>  H2O +  3-Oxo-3-ureidopropanoate"
"R07633"," Pyruvate +  HSO3- <=>  3-Sulfolactate"
"R07634"," Ammonia +  Pyruvate +  HSO3- <=>  H2O +  L-Cysteate"
"R07650"," CO2 +  1,3-Diaminopropane <=>  L-2,4-Diaminobutanoate"
"R07651","2 D-Alanine <=>  H2O +  D-Alanyl-D-alanine"
"R07675"," H+ +  L-Galactono-1,4-lactone <=>  L-Galactose"
"R07680"," L-Galactonate <=>  H2O +  L-Galactono-1,4-lactone"
"R07758"," CoA +  CO2 +  3-Oxostearoyl-CoA <=>  Malonyl-CoA +  Palmitoyl-CoA"
"R07829"," Crotonoyl-CoA <=>  Cyclopropanecarboxyl-CoA"
"R07831"," 3-Hydroxy-5-oxohexanoate <=>  H2O +  Dihydrophloroglucinol"
"R07832"," Acetate +  3-Hydroxy-5-oxohexanoyl-CoA <=>  Acetyl-CoA +  3-Hydroxy-5-oxohexanoate"
"R07833"," Acetyl-CoA +  (S)-3-Hydroxybutanoyl-CoA <=>  CoA +  3-Hydroxy-5-oxohexanoyl-CoA"
"R07839"," (1E,3E)-4-Hydroxybuta-1,3-diene-1,2,4-tricarboxylate <=>  (1E)-4-Oxobut-1-ene-1,2,4-tricarboxylate"
"R07984"," Ammonia +  2-Formylglutarate <=> 2 H2O +  6-Oxo-1,4,5,6-tetrahydronicotinate"
"R07985"," (S)-2-(Hydroxymethyl)glutarate <=>  H+ +  2-Formylglutarate"
"R07986"," H2O +  2-Methyleneglutarate <=>  (S)-2-(Hydroxymethyl)glutarate"
"R08056"," H2O +  2-Dehydro-3-deoxy-D-glucarate <=>  D-Glucarate"
"R08090"," Acetate +  7-Methyl-3-oxo-6-octenoyl-CoA <=>  3-Hydroxy-3-(4-methylpent-3-en-1-yl)glutaryl-CoA"
"R08091"," Acetyl-CoA +  5-Methylhex-4-enoyl-CoA <=>  CoA +  7-Methyl-3-oxo-6-octenoyl-CoA"
"R08092"," (2E)-5-Methylhexa-2,4-dienoyl-CoA <=>  5-Methylhex-4-enoyl-CoA"
"R08093"," 3-Hydroxy-5-methylhex-4-enoyl-CoA <=>  H2O +  (2E)-5-Methylhexa-2,4-dienoyl-CoA"
"R08094"," H+ +  5-Methyl-3-oxo-4-hexenoyl-CoA <=>  3-Hydroxy-5-methylhex-4-enoyl-CoA"
"R08095"," Acetyl-CoA +  3-Methylcrotonyl-CoA <=>  CoA +  5-Methyl-3-oxo-4-hexenoyl-CoA"
"R08195"," Glycine +  Acetaldehyde <=>  D-Threonine"
"R08196"," Glycine +  Acetaldehyde <=>  D-Allothreonine"
"R08197"," L-Alanine +  5-Guanidino-2-oxopentanoate <=>  Pyruvate +  L-Arginine"
"R08198"," 2-Oxoglutarate +  H+ <=>  2-Hydroxyglutarate"
"R08213"," CoA +  trans-Homoaconitate <=>  Acetyl-CoA +  2-Oxoglutarate"
"R08214"," CO2 +  H+ +  2-Oxopimelate <=>  (-)-threo-Iso(homo)2-citrate"
"R08215"," CO2 +  H+ +  2-Oxosuberate <=>  (-)-threo-Iso(homo)3-citrate"
"R08328"," CO2 +  7-Oxoheptanoic acid <=>  2-Oxosuberate"
"R08331"," CoA +  (R)-(Homo)2-citrate <=>  H2O +  Acetyl-CoA +  2-Oxoadipate"
"R08332"," CoA +  (R)-(Homo)3-citrate <=>  H2O +  Acetyl-CoA +  2-Oxopimelate"
"R08350"," Glutathione +  Glutathionylspermidine <=>  H2O +  Trypanothione"
"R08358"," Ascorbate +  Trypanothione disulfide <=>  Trypanothione +  Dehydroascorbate"
"R08414"," L-Pipecolate <=>  (S)-2,3,4,5-Tetrahydropyridine-2-carboxylate"
"R08544"," H+ +  D-Galactono-1,5-lactone <=>  D-Galactose"
"R08549"," CO2 +  H+ +  Succinyl-CoA <=>  CoA +  2-Oxoglutarate"
"R08570"," Pyruvate +  D-Glyceraldehyde <=>  2-Dehydro-3-deoxy-D-gluconate"
"R08590"," 3-Sulfolactate <=>  H+ +  3-Sulfopyruvate"
"R08616"," Sucrose +  Isolychnose <=> 2 Raffinose"
"R08632"," L-Cysteine +  2-Aminobut-2-enoate <=>  L-Cystathionine"
"R08633"," Hydrogen sulfide +  2-Aminobut-2-enoate <=>  L-Homocysteine"
"R08637"," Ammonia +  2-Oxobutanoate <=>  H2O +  2-Aminobut-2-enoate"
"R08648"," CO2 +  (S)-2-Aceto-2-hydroxybutanoate <=>  Pyruvate +  2-Oxobutanoate"
"R08677"," S-Sulfanylglutathione <=>  Glutathione +  Sulfur"
"R08698"," Ammonia +  Pyruvate <=>  H2O +  Dehydroalanine"
"R08714"," L-Alanine +  4-Aminobutyraldehyde <=>  Pyruvate +  Putrescine"
"R08926"," H+ +  L-Fucono-1,5-lactone <=>  6-Deoxy-L-galactose"
"R09048","3 H2O + 4 L-Alanine +  17-Oxosparteine <=> 4 Pyruvate + 3 Cadaverine"
"R09049"," Lupanine <=>  17-Oxosparteine"
"R09078"," (S)-Acetoin <=>  H+ +  Diacetyl"
"R09081"," CO2 +  Spermidine <=>  Carboxyspermidine"
"R09094"," CO2 <=>  Formate"
"R09097"," H+ +  Propanoyl-CoA <=>  CoA +  Propanal"
"R09107"," Acetate +  L-Citrulline <=>  H2O +  N-Acetyl-L-citrulline"
"R09126"," Formate +  Maleamate <=>  H2O +  N-Formylmaleamic acid"
"R09186"," H2O +  2,5-Dioxopentanoate <=>  2-Dehydro-3-deoxy-D-xylonate"
"R09238"," Pyruvate +  (S)-Methylmalonate semialdehyde <=>  H2O +  cis,cis-2,4-Dihydroxy-5-methyl-6-oxo-2,4-hexadienoate"
"R09253"," Ammonia +  2,5-Dioxopentanoate <=>  2-Oxo-4-hydroxy-5-aminovalerate"
"R09273"," Methanol +  (1E)-4-Oxobut-1-ene-1,2,4-tricarboxylate <=>  H2O +  4-Carboxy-2-hydroxy-6-methoxy-6-oxohexa-2,4-dienoate"
"R09274"," Methanol +  2-Pyrone-4,6-dicarboxylate <=>  4-Carboxy-2-hydroxy-6-methoxy-6-oxohexa-2,4-dienoate"
"R09282"," (3S)-Citramalyl-CoA <=>  H2O +  3-Methylfumaryl-CoA"
"R09283"," 3-Methylfumaryl-CoA <=>  2-Methylfumaryl-CoA"
"R09292"," (2S)-Methylsuccinyl-CoA <=>  (2R)-Ethylmalonyl-CoA"
"R09447"," H+ +  D-Glucarate <=>  H2O +  D-Glucuronate"
"R09477"," H+ +  D-Xylose <=>  Xylitol"
"R09483"," CO2 +  Acetate <=>  Malonate"
"R09524"," Acetyl-CoA +  H+ +  Acetaldehyde <=>  CoA +  Acetoin"
"R09527"," CoA +  CO2 +  Acetoacetyl-CoA <=>  Acetyl-CoA +  Malonyl-CoA"
"R09540","2 H2O + 2 Monodehydroascorbate <=>  Hydrogen peroxide + 2 Ascorbate"
"R09545","2 H+ +  (2R)-3-Sulfolactate <=>  H2O +  (R)-2,3-Dihydroxypropane-1-sulfonate"
"R09648"," Ammonia +  beta-Alanine <=>  H2O +  beta-Alaninamide"
"R09650"," Ammonia +  L-Proline <=>  H2O +  L-Prolinamide"
"R09680"," Ammonia +  L-Pipecolate <=>  H2O +  (S)-Piperidine-2-carboxamide"
"R09683"," Ammonia +  Oxaloacetate <=>  threo-3-Hydroxy-D-aspartate"
"R09717"," Glycine +  Glyoxylate <=>  threo-3-Hydroxy-D-aspartate"
"R09718"," Glycine +  Glyoxylate <=>  D-erythro-3-Hydroxyaspartate"
"R09720"," Homoisocitrate <=>  (R)-2-Hydroxybutane-1,2,4-tricarboxylate"
"R09748","[]"
"R09751"," H2O +  Nitrate + 2 Nitric oxide <=> 3 Nitrite"
"R09794"," CO2 +  Pyrrole <=>  Pyrrole-2-carboxylate"
"R09795"," HCO3- +  Pyrrole <=>  H2O +  Pyrrole-2-carboxylate"
"R09796"," H2O +  Methylglyoxal <=>  (R)-Lactate"
"R09800"," N-alpha-Acetyl-L-2,4-diaminobutyrate <=>  H2O +  Ectoine"
"R09801"," Acetate +  L-2,4-Diaminobutanoate <=>  H2O +  N-alpha-Acetyl-L-2,4-diaminobutyrate"
"R09805"," L-Aspartate +  H+ <=>  H2O +  L-Aspartate 4-semialdehyde"
"R09808"," Nitrogen +  Nitrous oxide <=>  Nitric oxide +  Azide"
"R09839"," Acetyl-CoA +  5-Carboxy-2-pentenoyl-CoA <=>  CoA +  3-Oxo-5,6-dehydrosuberyl-CoA"
"R09947"," Carbamate +  (Z)-3-Peroxyaminoacrylate <=>  H2O +  (Z)-3-Ureidoacrylate peracid"
"R09948"," CO2 +  Ammonia +  (Z)-3-Peroxyaminoacrylate <=>  H2O +  (Z)-3-Ureidoacrylate peracid"
"R09958"," CO2 +  Butanoyl-CoA <=>  (2S)-Ethylmalonyl-CoA"
"R09960"," H2O +  (2Z,4Z)-2-Hydroxyhexa-2,4-dienoate <=>  4-Hydroxy-2-oxohexanoic acid"
"R09979"," (2R)-Ethylmalonyl-CoA <=>  (2S)-Ethylmalonyl-CoA"
"R09980"," Carbamate +  Aminoacrylate <=>  H2O +  Ureidoacrylate"
"R09981"," H2O +  Ureidoacrylate <=>  H+ +  (Z)-3-Ureidoacrylate peracid"
"R09983"," Ammonia +  3-Oxopropanoate <=>  H2O +  Aminoacrylate"
"R10010"," (2R,3R)-3-Methylornithine <=>  L-Lysine"
"R10040"," beta-D-Glucose +  Acetone cyanohydrin <=>  H2O +  Linamarin"
"R10052"," CO2 +  H+ +  4-Methyl-2-oxopentanoate <=>  (2R,3S)-3-Isopropylmalate"
"R10054"," Ammonia +  H+ +  (S)-2,3,4,5-Tetrahydropyridine-2-carboxylate <=>  L-Lysine"
"R10064"," H2O +  L-Glutamate +  1-Pyrroline <=>  2-Oxoglutarate +  Putrescine"
"R10079","2 CO2 +  Ammonia <=>  H+ +  HCO3- +  Cyanate"
"R10092"," H2O +  CO2 <=>  H+ +  HCO3-"
"R10111"," Nitrite +  2-Oxo-3-(5-oxofuran-2-ylidene)propanoate <=>  4-Nitro-6-oxohepta-2,4-dienedioate"
"R10135"," Maleylpyruvate <=>  H2O +  2-Oxo-3-(5-oxofuran-2-ylidene)propanoate"
"R10146","3 H2O +  Hydrogen sulfide <=> 3 H+ +  Sulfite"
"R10147"," H2O +  (2S,4S)-4-Hydroxy-2,3,4,5-tetrahydrodipicolinate <=>  Pyruvate +  L-Aspartate 4-semialdehyde"
"R10153"," 3-Aminopentanedioate <=>  L-Glutamate"
"R10161"," H+ +  Propenoyl-CoA <=>  Propanoyl-CoA"
"R10170"," alpha-Isopropylmalate <=>  (2R,3S)-3-Isopropylmalate"
"R10171","3 CoA + 3 CO2 +  3,5,7-Trioxododecanoyl-CoA <=> 3 Malonyl-CoA +  Hexanoyl-CoA"
"R10178"," L-Alanine +  Succinate semialdehyde <=>  Pyruvate +  4-Aminobutanoate"
"R10179"," Glycine +  Succinate semialdehyde <=>  Glyoxylate +  4-Aminobutanoate"
"R10210"," CoA +  2-Oxoglutarate <=>  H2O +  2-Oxoglutaryl-CoA"
"R10211"," 2-Oxoglutaryl-CoA <=>  H2O +  S-(5-Hydroxy-2-furoyl)-CoA"
"R10238"," H2O + 5 CoA + 5 CO2 +  5,7-Dihydroxy-2-methyl-4H-chromen-4-one <=> 5 Malonyl-CoA"
"R10245"," Ammonia +  Glyoxylate <=>  H2O +  Iminoglycine"
"R10277"," Ammonia +  L-Pipecolate <=>  L-Lysine"
"R10278"," CoA +  2,4-Dihydroxy-6-pentylbenzoate <=>  3,5,7-Trioxododecanoyl-CoA"
"R10283"," Pyruvate +  Glyoxylate <=>  (4S)-4-Hydroxy-2-oxoglutarate"
"R10305"," Acetate +  L-Cystathionine <=>  L-Homocysteine +  O-Acetyl-L-serine"
"R10343"," Acetyl-CoA +  Succinate <=>  Acetate +  Succinyl-CoA"
"R10347"," Urea +  Spermidine <=>  H2O +  N1-(3-Aminopropyl)agmatine"
"R10391"," (-)-threo-Iso(homo)2-citrate <=>  (R)-(Homo)2-citrate"
"R10392"," H2O +  cis-(Homo)2-aconitate <=>  (R)-(Homo)2-citrate"
"R10393"," (-)-threo-Iso(homo)2-citrate <=>  H2O +  cis-(Homo)2-aconitate"
"R10394"," (-)-threo-Iso(homo)3-citrate <=>  (R)-(Homo)3-citrate"
"R10395"," H2O +  cis-(Homo)3-aconitate <=>  (R)-(Homo)3-citrate"
"R10396"," (-)-threo-Iso(homo)3-citrate <=>  H2O +  cis-(Homo)3-aconitate"
"R10419"," H+ +  Sulfur <=>  Hydrogen sulfide"
"R10471","2 H2O +  Nitrogen <=>  Ammonia +  Nitrite"
"R10485"," CoA +  CO2 +  (2S,5S)-trans-Carboxymethylproline <=>  H2O +  Malonyl-CoA +  (S)-1-Pyrroline-5-carboxylate"
"R10504"," H+ +  (S)-Acetoin <=>  meso-2,3-Butanediol"
"R10505"," H+ +  (R)-Acetoin <=>  meso-2,3-Butanediol"
"R10507"," (S)-1-Pyrroline-5-carboxylate <=>  L-Proline"
"R10532"," H2O +  2-Dehydro-3-deoxy-L-galactonate <=>  L-Galactonate"
"R10534"," Hydrogen sulfide +  Carbonyl sulfide <=>  H2O +  Carbon disulfide"
"R10535"," CO2 +  Hydrogen sulfide <=>  H2O +  Carbonyl sulfide"
"R10538"," CO2 + 2 Hydrogen sulfide <=> 2 H2O +  Carbon disulfide"
"R10550"," Pyruvate +  L-Glyceraldehyde <=>  2-Dehydro-3-deoxy-L-galactonate"
"R10564"," Acetoacetate +  L-3-Aminobutyryl-CoA <=>  Acetyl-CoA +  (S)-5-Amino-3-oxohexanoic acid"
"R10565"," H+ +  D-Galacturonate <=>  L-Galactonate"
"R10600"," Acetate +  Itaconyl-CoA <=>  Acetyl-CoA +  Itaconate"
"R10604"," D-Galactonate <=>  H2O +  D-Galactono-1,5-lactone"
"R10612"," CoA +  (S)-Malate <=>  H2O +  L-Malyl-CoA"
"R10614"," Acetate +  Oxalyl-CoA <=>  Acetyl-CoA +  Oxalate"
"R10616"," Pyruvate +  D-Glyceraldehyde <=>  2-Dehydro-3-deoxy-D-galactonate"
"R10619"," alpha-D-Galactose <=>  D-Galactose"
"R10640"," Succinate +  (3R)-Citramalyl-CoA <=>  Succinyl-CoA +  (R)-2-Methylmalate"
"R10641"," Succinate +  (R)-Malyl-CoA <=>  Succinyl-CoA +  (R)-Malate"
"R10674"," Pyruvate +  Acetyl-CoA <=>  (3R)-Citramalyl-CoA"
"R10687"," L-Glutamate +  N-Acetyl-L-aspartate <=>  H2O +  N-Acetylaspartylglutamate"
"R10688"," L-Glutamate +  N-Acetylaspartylglutamate <=>  H2O +  N-Acetylaspartylglutamylglutamate"
"R10689"," L-Fuconate <=>  H2O +  L-Fucono-1,5-lactone"
"R10690"," H+ +  2,4-Diketo-3-deoxy-L-fuconate <=>  2-Dehydro-3-deoxy-L-fuconate"
"R10691"," Pyruvate +  (S)-Lactate <=>  H2O +  2,4-Diketo-3-deoxy-L-fuconate"
"R10696"," 2-Hydroxy-6-oxocyclohexane-1-carbonyl-CoA <=>  H2O +  6-Oxocyclohex-1-ene-1-carbonyl-CoA"
"R10699"," 7,8-Diaminononanoate +  L-2-Aminoadipate 6-semialdehyde <=>  L-Lysine +  8-Amino-7-oxononanoate"
"R10703"," H+ +  Acetone <=>  Propan-2-ol"
"R10705"," Acetate +  Methanol <=>  H2O +  Methyl acetate"
"R10715"," H+ +  Methylglyoxal <=>  (S)-Lactaldehyde"
"R10717"," H+ +  Hydroxyacetone <=>  Propane-1,2-diol"
"R10718"," Hydroxyacetone <=>  H+ +  Methylglyoxal"
"R10773"," H2O +  (2Z,4S,5R)-2-Amino-4,5,6-trihydroxyhex-2-enoate <=>  2-Amino-2-deoxy-D-gluconate"
"R10774"," (4S,5R)-4,5,6-Trihydroxy-2-iminohexanoate <=>  (2Z,4S,5R)-2-Amino-4,5,6-trihydroxyhex-2-enoate"
"R10775"," Ammonia +  2-Dehydro-3-deoxy-D-gluconate <=>  H2O +  (4S,5R)-4,5,6-Trihydroxy-2-iminohexanoate"
"R10777"," 3-Oxo-3-ureidoisobutyrate <=>  H2O +  5-Methylbarbiturate"
"R10778"," Urea +  Methylmalonate <=>  H2O +  3-Oxo-3-ureidoisobutyrate"
"R10782"," H2O +  Crotonoyl-CoA <=>  4-Hydroxybutyryl-CoA"
"R10809","2 D-Mannose <=>  H2O +  Mannobiose"
"R10817"," D-Fructose <=>  D-Psicose"
"R10818"," D-Sorbose <=>  D-Tagatose"
"R10841"," H+ +  D-Galactaro-1,5-lactone <=>  D-Galacturonate"
"R10842"," H+ +  D-Glucaro-1,5-lactone <=>  D-Glucuronate"
"R10846"," D-Galactaro-1,4-lactone <=>  D-Galactaro-1,5-lactone"
"R10847"," 5-Dehydro-4-deoxy-D-glucarate <=>  D-Galactaro-1,4-lactone"
"R10848"," H+ +  D-Fructuronate <=>  L-Gulonate"
